Link, Anchor Text
"https://www.thegioididong.com/mua-online-gia-re#game", 
"https://www.thegioididong.com/", 
"https://www.thegioididong.com/lich-su-mua-hang", • Lịch sử mua hàng
"https://www.thegioididong.com/cart", 
"https://www.thegioididong.com/dtdd", Điện thoại
"https://www.thegioididong.com/laptop-ldp", Laptop
"https://www.thegioididong.com/may-tinh-bang", Tablet
"https://www.thegioididong.com/phu-kien", Phụ kiện
"https://www.thegioididong.com/dong-ho-thong-minh-ldp", Đồng hồ
thông minh
"https://www.thegioididong.com/may-tinh-de-ban", Máy tính bộ
"https://www.thegioididong.com/man-hinh-may-tinh", Màn hình máy tính
"https://www.thegioididong.com/may-in", Máy in
"https://www.thegioididong.com/muc-in", Mực in
"https://www.thegioididong.com/dong-ho", Đồng hồ
thời trang
"https://www.thegioididong.com/may-doi-tra", Máy cũ
giá rẻ
"https://www.thegioididong.com/sim-so-dep", Thẻ cào giảm đến 3%
"https://www.thegioididong.com/tien-ich", Trả góp
"https://www.thegioididong.com/phu-kien-oto", Phụ kiện ô tô
"https://www.thegioididong.com/thiet-bi-nha-thong-minh", Thiết bị nhà thông minh
"https://www.thegioididong.com/tin-tuc", 24h Công nghệ
"https://www.thegioididong.com/game-app", Game App
"https://www.thegioididong.com/hoi-dap", Hỏi đáp
"tel:18001060", 1800.1060
"https://www.thegioididong.com/he-thong-sieu-thi-the-gioi-di-dong", Tìm 3.099 cửa hàng Thế Giới Di Động
"https://www.thegioididong.com/dtdd/vivo-y33s", 
"https://www.thegioididong.com/khuyen-mai-soc/note-11-series", 
"https://www.thegioididong.com/dtdd/realme-c35", 
"https://www.thegioididong.com/dtdd-nokia", 
                
        
"https://www.thegioididong.com/dtdd/samsung-galaxy-s22-ultra", 
"https://www.thegioididong.com/dtdd/samsung-galaxy-m33-5g", 
"https://www.thegioididong.com/apple", 
"https://www.thegioididong.com/dtdd/oppo-reno6-z-5g", 
"https://www.thegioididong.com/uu-dai-soc", 
"https://www.thegioididong.com/dtdd-apple-iphone", 
                
        
"https://www.thegioididong.com/dtdd-samsung", 
                
        
"https://www.thegioididong.com/dtdd-oppo", 
                
        
"https://www.thegioididong.com/dtdd-vivo", 
                
        
"https://www.thegioididong.com/dtdd-xiaomi", 
                
        
"https://www.thegioididong.com/dtdd-realme", 
                
        
"https://www.thegioididong.com/dtdd-itel", 
                
        
"https://www.thegioididong.com/dtdd-masstel", 
                
        
"https://www.thegioididong.com/dtdd?p=duoi-2-trieu", Dưới 2 triệu
"https://www.thegioididong.com/dtdd?p=tu-2-4-trieu", Từ 2 - 4 triệu
"https://www.thegioididong.com/dtdd?p=tu-4-7-trieu", Từ 4 - 7 triệu
"https://www.thegioididong.com/dtdd?p=tu-7-13-trieu", Từ 7 - 13 triệu
"https://www.thegioididong.com/dtdd?p=tu-13-20-trieu", Từ 13 - 20 triệu
"https://www.thegioididong.com/dtdd?p=tren-20-trieu", Trên 20 triệu
"https://www.thegioididong.com/dtdd?g=android", Android
"https://www.thegioididong.com/dtdd?g=iphone-ios", iPhone (iOS)
"https://www.thegioididong.com/dtdd?g=dien-thoai-pho-thong", Điện thoại phổ thông
"https://www.thegioididong.com/dtdd-choi-game", Chơi game / Cấu hình cao
"https://www.thegioididong.com/dtdd-pin-khung", Pin khủng trên 5000 mAh
"https://www.thegioididong.com/dtdd-sac-pin-nhanh", Sạc pin nhanh
"https://www.thegioididong.com/dtdd-ram-2gb", 2 GB
"https://www.thegioididong.com/dtdd-ram-3gb", 3 GB
"https://www.thegioididong.com/dtdd-ram-4gb", 4 GB
"https://www.thegioididong.com/dtdd-ram-6gb", 6 GB
"https://www.thegioididong.com/dtdd-ram-8gb", 8 GB
"https://www.thegioididong.com/dtdd-ram-12gb", 12 GB
"https://www.thegioididong.com/dtdd-rom-8gb", 8 GB
"https://www.thegioididong.com/dtdd-rom-16gb", 16 GB
"https://www.thegioididong.com/dtdd-rom-32gb", 32 GB
"https://www.thegioididong.com/dtdd-rom-64gb", 64 GB
"https://www.thegioididong.com/dtdd-rom-128gb", 128 GB
"https://www.thegioididong.com/dtdd-rom-256gb", 256 GB
"https://www.thegioididong.com/dtdd-rom-512gb", 512 GB
"https://www.thegioididong.com/dtdd-camera-macro", Chụp cận cảnh (Macro)
"https://www.thegioididong.com/dtdd-camera-goc-rong", Chụp góc rộng
"https://www.thegioididong.com/dtdd-camera-xoa-phong", Chụp xoá phông
"https://www.thegioididong.com/dtdd-camera-zoom", Chụp zoom xa
"https://www.thegioididong.com/dtdd-5g", Hỗ trợ 5G
"https://www.thegioididong.com/dtdd-bao-mat-khuon-mat", Bảo mật khuôn mặt
"https://www.thegioididong.com/dtdd-bao-mat-van-tay", Bảo mật vân tay
"https://www.thegioididong.com/dtdd-sac-khong-day", Sạc không dây
"https://www.thegioididong.com/dtdd-chong-nuoc-bui", Kháng nước, bụi
"https://www.thegioididong.com/dtdd-man-hinh-tran-vien", Tràn viền
"https://www.thegioididong.com/dtdd-mong-nhe", Mỏng nhẹ
"https://www.thegioididong.com/dtdd-mat-lung-kinh", Mặt lưng kính
"https://www.thegioididong.com/dtdd-nho-gon", Nhỏ gọn dễ cầm
"https://www.thegioididong.com/dtdd-tu-6-inch-tro-len", Từ 6 inch trở lên
"https://www.thegioididong.com/dtdd-man-hinh-gap", Màn hình gập
"https://www.thegioididong.com/dtdd-a", OPPO A
"https://www.thegioididong.com/dtdd-reno", OPPO Reno
"https://www.thegioididong.com/dtdd-find-x", OPPO Find X
"https://www.thegioididong.com/dtdd-galaxy-z", Galaxy Z (Màn hình gập)
"https://www.thegioididong.com/dtdd-galaxy-note", Galaxy Note
"https://www.thegioididong.com/dtdd-galaxy-s", Galaxy S
"https://www.thegioididong.com/dtdd-galaxy-a", Galaxy A
"https://www.thegioididong.com/dtdd-galaxy-m", Galaxy M
"https://www.thegioididong.com/dtdd-redmi", Xiaomi Redmi
"https://www.thegioididong.com/dtdd-mi", Xiaomi Mi
"https://www.thegioididong.com/dtdd-poco", Xiaomi POCO
"https://www.thegioididong.com/dtdd-aris", Vsmart Aris
"https://www.thegioididong.com/dtdd-live", Vsmart Live
"https://www.thegioididong.com/dtdd-active", Vsmart Active
"https://www.thegioididong.com/dtdd-joy", Vsmart Joy
"https://www.thegioididong.com/dtdd-star", Vsmart Star
"https://www.thegioididong.com/dtdd-13-series-xanh-la", iPhone 13 (Mini, Pro, Pro Max) Xanh lá
"https://www.thegioididong.com/dtdd-13-series", iPhone 13 (Mini, Pro, Pro Max)
"https://www.thegioididong.com/dtdd-12-series", iPhone 12 (Mini, Pro, Pro Max)
"https://www.thegioididong.com/dtdd-11-series", iPhone 11
"https://www.thegioididong.com/dtdd-v", Vivo V
"https://www.thegioididong.com/dtdd-y", Vivo Y
"https://www.thegioididong.com/dtdd-se-series", iPhone SE
"https://www.thegioididong.com/dtdd-xr-series", iPhone Xr
"https://www.thegioididong.com/dtdd#", 
"https://www.thegioididong.com/dtdd/samsung-galaxy-s22-ultra?src=osp", Trả góp 0%
Samsung Galaxy S22 Ultra 5G
8GB/128GB
12GB/256GB
12GB/512GB
30.990.000₫

Quà 2.500.000₫

    

 

12
"https://www.thegioididong.com/dtdd/iphone-11?src=osp", Trả góp 0%

VNPAY GIẢM 500K

iPhone 11
64GB
256GB
128GB
16.290.000₫

Quà 1.800.000₫

    

 

808
"https://www.thegioididong.com/dtdd/oppo-reno7-z?src=osp", Trả góp 0%
OPPO Reno7 series
Reno7 Z
Reno7
10.490.000₫

    

 

69
"https://www.thegioididong.com/dtdd/realme-c35?src=osp", Trả góp 0%
Realme C35
3.990.000₫

    

 

60
"https://www.thegioididong.com/dtdd/xiaomi-11t?src=osp", Trả góp 0%
Xiaomi 11T
128GB
256GB
10.990.000₫

Quà 2.000.000₫

    

 

288
"https://www.thegioididong.com/dtdd/samsung-galaxy-a03?src=osp", Trả góp 0%

ĐẠI TIỆC SAMSUNG

Samsung Galaxy A03
3GB
4GB

Online giá rẻ

2.990.000₫

 -6%
2.790.000₫

    

 

78
"https://www.thegioididong.com/dtdd/xiaomi-redmi-note-11-pro-4g?src=osp", Trả góp 0%
Xiaomi Redmi Note 11 Series
Note 11 Pro
Note 11S
Note 11 Pro 5G

7.490.000₫

7.190.000₫

    

 

139
"https://www.thegioididong.com/dtdd/iphone-13-pro-max?src=osp", Trả góp 0%

VNPAY GIẢM 500K

iPhone 13 Pro Max
128GB
256GB
512GB
1TB
33.990.000₫

Quà 1.600.000₫

    

 

341
"https://www.thegioididong.com/dtdd/samsung-galaxy-a52s-5g?src=osp", Trả góp 0%

ĐẠI TIỆC SAMSUNG

Samsung Galaxy A52s 5G 128GB

10.990.000₫

 -18%
8.990.000₫

Quà 500.000₫

    

 

475
"https://www.thegioididong.com/dtdd/vivo-y15s-2021?src=osp", Trả góp 0%
Vivo Y15 series
Y15s
Y15a
3.490.000₫

Quà 300.000₫

    

 

72
"https://www.thegioididong.com/dtdd/samsung-galaxy-z-fold-3?src=osp", Trả góp 0%

ĐẠI TIỆC SAMSUNG

Samsung Galaxy Z Fold3 5G
256GB
512GB

41.990.000₫

 -14%
35.990.000₫

Quà 500.000₫

    

 

26
"https://www.thegioididong.com/dtdd/iphone-13-pro-max-xanh-la?src=osp", VNPAY GIẢM 500K

iPhone 13 Pro Max Xanh lá
128GB
1TB
256GB
512GB

Hàng sắp về

33.990.000₫

33.490.000₫

Quà 1.600.000₫
"https://www.thegioididong.com/dtdd/iphone-12-pro-max-256gb?src=osp", VNPAY GIẢM 500K

iPhone 12 Pro Max
256GB
512GB
29.990.000₫

    

 

46
"https://www.thegioididong.com/dtdd/iphone-13-pro?src=osp", Trả góp 0%

VNPAY GIẢM 500K

iPhone 13 Pro
128GB
256GB
512GB
1TB
29.990.000₫

Quà 1.100.000₫

    

 

75
"https://www.thegioididong.com/dtdd/iphone-13-pro-xanh-la?src=osp", VNPAY GIẢM 500K

iPhone 13 Pro Xanh lá
128GB
256GB
512GB
1TB

Hàng sắp về

29.990.000₫

29.490.000₫

Quà 1.100.000₫
"https://www.thegioididong.com/dtdd/samsung-galaxy-s22-plus?src=osp", Trả góp 0%
Samsung Galaxy S22+ 5G
8GB/128GB
8GB/256GB
25.990.000₫

Quà 2.500.000₫

    

 

5
"https://www.thegioididong.com/dtdd/samsung-galaxy-s21-ultra?src=osp", Trả góp 0%
Samsung Galaxy S21 Ultra 5G 128GB

30.990.000₫

 -16%
25.990.000₫

Quà 500.000₫

    

 

178
"https://www.thegioididong.com/dtdd/iphone-12-pro?src=osp", VNPAY GIẢM 500K

iPhone 12 Pro
128GB
256GB
512GB
24.590.000₫

    

 

56
"https://www.thegioididong.com/dtdd/iphone-13?src=osp", Trả góp 0%

VNPAY GIẢM 500K

iPhone 13
128GB
256GB
512GB
24.190.000₫

Quà 1.400.000₫

    

 

241
"https://www.thegioididong.com/dtdd/iphone-13-128gb-xanh-la?src=osp", VNPAY GIẢM 500K

iPhone 13 Xanh lá
128GB
256GB
512GB

Hàng sắp về

24.190.000₫

23.690.000₫

Quà 1.400.000₫
"https://www.thegioididong.com/dtdd/samsung-galaxy-s22?src=osp", Trả góp 0%
Samsung Galaxy S22 5G
8GB/128GB
8GB/256GB
21.990.000₫

Quà 2.500.000₫

    

 

13
"https://www.thegioididong.com/dtdd/samsung-galaxy-s21-plus?src=osp", Trả góp 0%
Samsung Galaxy S21+ 5G 128GB

25.990.000₫

 -19%
20.990.000₫

Quà 500.000₫

    

 

145
"https://www.thegioididong.com/dtdd/xiaomi-mi-12?src=osp", Trả góp 0%
Xiaomi 12 series
Xiaomi 12
Xiaomi 12 Pro
19.990.000₫

Giảm thêm 1.000.000₫
"https://www.thegioididong.com/dtdd/samsung-galaxy-z-flip-3?src=osp", Trả góp 0%
Samsung Galaxy Z Flip3 5G
128GB
256GB

Online giá rẻ

24.990.000₫

 -20%
19.990.000₫

Quà 500.000₫

    

 

35
"https://www.thegioididong.com/dtdd/iphone-13-mini?src=osp", Trả góp 0%

VNPAY GIẢM 500K

iPhone 13 mini
128GB
256GB
512GB

21.090.000₫

 -9%
18.990.000₫

    

 

28
"https://www.thegioididong.com/dtdd/iphone-12?src=osp", Trả góp 0%

VNPAY GIẢM 500K

iPhone 12
64GB
128GB
256GB

21.790.000₫

 -12%
18.990.000₫

    

 

214
"https://www.thegioididong.com/dtdd/13-mini-128gb-xanh-la?src=osp", VNPAY GIẢM 500K

iPhone 13 mini Xanh lá
128GB
256GB
512GB

Hàng sắp về

21.090.000₫

 -12%
18.490.000₫
"https://www.thegioididong.com/dtdd/samsung-galaxy-s21?src=osp", Trả góp 0%
Samsung Galaxy S21 5G

Online giá rẻ

20.990.000₫

 -19%
16.990.000₫

Quà 500.000₫

    

 

302
"https://www.thegioididong.com/dtdd/iphone-12-mini?src=osp", Trả góp 0%

VNPAY GIẢM 500K

iPhone 12 mini
64GB
128GB
256GB
16.190.000₫

Quà 1.400.000₫

    

 

68
"https://www.thegioididong.com/dtdd/samsung-galaxy-note-20?src=osp", Trả góp 0%
Samsung Galaxy Note 20

23.990.000₫

 -33%
15.990.000₫

Quà 500.000₫

    

 

246
"https://www.thegioididong.com/dtdd/samsung-galaxy-s20-fan-edition?src=osp", Trả góp 0%
Samsung Galaxy S20 FE (8GB/256GB)

Online giá rẻ

15.490.000₫

 -6%
14.490.000₫

Quà 2.500.000₫

    

 

346
"https://www.thegioididong.com/dtdd/iphone-xr-128gb?src=osp", VNPAY GIẢM 500K

iPhone XR 128GB
13.490.000₫

    

 

48
"https://www.thegioididong.com/dtdd/oppo-reno6?src=osp", Trả góp 0%
OPPO Reno6 series
Reno6
Reno6 Z
Reno6 Pro
12.990.000₫

Quà 1.000.000₫

    

 

337
"https://www.thegioididong.com/dtdd/xiaomi-11t-pro-5g-8gb?src=osp", Trả góp 0%
Xiaomi 11T Pro 5G
8GB
12GB

13.990.000₫

 -8%
12.790.000₫

    

 

33
"https://www.thegioididong.com/dtdd/samsung-galaxy-s21-fe-6gb?src=osp", Trả góp 0%

ĐẠI TIỆC SAMSUNG

Samsung Galaxy S21 FE 5G
6GB/128GB
8GB/128GB
8GB/256GB

Chỉ bán online

15.990.000₫

 -21%
12.490.000₫

    

 

30
"https://www.thegioididong.com/dtdd/iphone-se-2022?src=osp", iPhone SE (2022)
64GB
128GB
256GB

Hàng sắp về

12.990.000₫

 -7%
11.990.000₫
"https://www.thegioididong.com/dtdd/iphone-se-64gb-2020-hop-moi?src=osp", VNPAY GIẢM 500K

iPhone SE (2020) (Hộp mới)
64GB
256GB
128GB
10.690.000₫

    

 

48
"https://www.thegioididong.com/dtdd/samsung-galaxy-a73?src=osp", Đặt trước đến 21/04

Samsung Galaxy A73 5G 128GB

Hàng sắp về

11.990.000₫

Tai nghe Galaxy Buds Live, Hoàn tiền 500 ngàn nhận hàng từ 22 - 25/4
"https://www.thegioididong.com/dtdd/oppo-reno4-pro?src=osp", OPPO Reno4 Pro
10.490.000₫

Quà 2.000.000₫

    

 

141
"https://www.thegioididong.com/dtdd/samsung-galaxy-a53?src=osp", Trả góp 0%

VNPAY GIẢM 500K

Samsung Galaxy A53 5G 128GB
9.990.000₫

Quà 500.000₫

    

 

74
"https://www.thegioididong.com/dtdd/vivo-v21-5g?src=osp", Trả góp 0%
Vivo V21 5G
9.990.000₫

Quà 1.000.000₫

    

 

134
"https://www.thegioididong.com/dtdd/xiaomi-11-lite-5g-ne?src=osp", Trả góp 0%
Xiaomi 11 Lite 5G NE
9.490.000₫

Quà 1.500.000₫

    

 

307
"https://www.thegioididong.com/dtdd/samsung-galaxy-a52?src=osp", Trả góp 0%
Samsung Galaxy A52 128GB
9.290.000₫

Quà 1.500.000₫

    

 

214
"https://www.thegioididong.com/dtdd/oppo-reno5-5g?src=osp", OPPO Reno5 5G

11.990.000₫

 -25%
8.990.000₫

    

 

85
"https://www.thegioididong.com/dtdd/samsung-galaxy-a33?src=osp", Trả góp 0%
Samsung Galaxy A33 5G 6GB
8.490.000₫

Quà 500.000₫
"https://www.thegioididong.com/dtdd/vivo-y72-5g?src=osp", Trả góp 0%
Vivo Y72 5G
7.990.000₫

Quà 1.000.000₫

    

 

88
"https://www.thegioididong.com/dtdd/oppo-a74-5g?src=osp", OPPO A74 5G
7.990.000₫

Quà 1.490.000₫

    

 

55
"https://www.thegioididong.com/dtdd/xiaomi-mi-11-lite-4g?src=osp", Trả góp 0%
Xiaomi Mi 11 series
Mi 11 Lite
Mi 11 5G
7.990.000₫

    

 

869
"https://www.thegioididong.com/dtdd/vivo-v23e?src=osp", Trả góp 0%
Vivo V23 series
V23e
V23 5G

8.490.000₫

 -8%
7.790.000₫

    

 

131
"https://www.thegioididong.com/dtdd/vivo-v20-2021?src=osp", Trả góp 0%
Vivo V20 (2021)
7.490.000₫

    

 

70
"https://www.thegioididong.com/dtdd/realme-9-pro?src=osp", Trả góp 0%
Realme 9 series
Realme 9 Pro 5G
Realme 9 Pro+ 5G

Online giá rẻ

7.990.000₫

 -6%
7.490.000₫

    

 

14
"https://www.thegioididong.com/dtdd/xiaomi-redmi-note-10-pro?src=osp", Trả góp 0%
Xiaomi Redmi Note 10 Pro (8GB/128GB)
7.490.000₫

    

 

763
"https://www.thegioididong.com/dtdd/realme-8-5g?src=osp", Trả góp 0%
Realme 8 series
Realme 8
Realme 8 5G
Realme 8 Pro
7.990.000₫

Quà 500.000₫

    

 

18
"https://www.thegioididong.com/dtdd/samsung-galaxy-m33-5g?src=osp", Trả góp 0%

ĐẠI TIỆC SAMSUNG

Samsung Galaxy M33 5G

7.690.000₫

 -9%
6.990.000₫

Quà 500.000₫
"https://www.thegioididong.com/dtdd/oppo-a95-4g?src=osp", Trả góp 0%
OPPO A95
6.990.000₫

Quà 300.000₫

    

 

260
"https://www.thegioididong.com/dtdd/vivo-y53s?src=osp", Trả góp 0%
Vivo Y53s
6.990.000₫

Quà 600.000₫

    

 

64
"https://www.thegioididong.com/dtdd/vivo-y33s?src=osp", Trả góp 0%
Vivo Y33s

6.990.000₫

 -7%
6.490.000₫

    

 

26
"https://www.thegioididong.com/dtdd/samsung-galaxy-a32-4g?src=osp", Trả góp 0%

ĐẠI TIỆC SAMSUNG

Samsung Galaxy A32

Online giá rẻ

6.490.000₫

6.190.000₫

Quà 500.000₫

    

 

739
"https://www.thegioididong.com/dtdd/xiaomi-redmi-note-10s-6gb?src=osp", Trả góp 0%
Xiaomi Redmi Note 10S
6GB
8GB
5.990.000₫

Quà 500.000₫

    

 

120
"https://www.thegioididong.com/dtdd/oppo-a76-4g?src=osp", Trả góp 0%
OPPO A76
5.990.000₫

    

 

37
"https://www.thegioididong.com/dtdd/samsung-galaxy-a23?src=osp", Trả góp 0%
Samsung Galaxy A23
4GB
6GB

5.690.000₫

5.490.000₫

Quà 500.000₫

    

 

31
"https://www.thegioididong.com/dtdd/realme-9i-4gb-64gb?src=osp", Trả góp 0%
Realme 9i
4GB/64GB
6GB/128GB
5.490.000₫

Quà 500.000₫
"https://www.thegioididong.com/dtdd/samsung-galaxy-a22-4g?src=osp", ĐẠI TIỆC SAMSUNG

Samsung Galaxy A22

5.890.000₫

 -10%
5.290.000₫

Quà 500.000₫

    

 

328
"https://www.thegioididong.com/dtdd/realme-c25s?src=osp", Realme C25s
4.990.000₫

    

 

43
"https://www.thegioididong.com/dtdd/oppo-a55-4g?src=osp", Trả góp 0%
OPPO A55
4.990.000₫

Quà 300.000₫

    

 

264
"https://www.thegioididong.com/dtdd/samsung-galaxy-a13-4g?src=osp", Trả góp 0%
Samsung Galaxy A13
4GB
6GB

4.690.000₫

4.490.000₫

    

 

27
"https://www.thegioididong.com/dtdd/xiaomi-redmi-note-11-4gb-64gb?src=osp", Trả góp 0%
Xiaomi Redmi Note 11
4GB/64GB
4GB/128GB
6GB/128GB

4.690.000₫

4.490.000₫

    

 

247
"https://www.thegioididong.com/dtdd/realme-c25y-64gb?src=osp", Trả góp 0%
Realme C25Y
64 GB
128 GB

Online giá rẻ

4.690.000₫

4.490.000₫

Quà 800.000₫

    

 

10
"https://www.thegioididong.com/dtdd/xiaomi-redmi-10-4gb-128gb?src=osp", Trả góp 0%
Xiaomi Redmi 10
4GB/128GB
6GB/128GB
4.290.000₫

    

 

210
"https://www.thegioididong.com/dtdd/oppo-a15s?src=osp", Trả góp 0%
OPPO A15s
4.290.000₫

Quà 300.000₫

    

 

138
"https://www.thegioididong.com/dtdd/vivo-y21?src=osp", Trả góp 0%
Vivo Y21 series
Y21
Y21s 4GB
Y21s 6GB
4.290.000₫

    

 

172
"https://www.thegioididong.com/dtdd/oppo-a16?src=osp", OPPO A16
3.990.000₫

    

 

59
"https://www.thegioididong.com/dtdd/samsung-galaxy-a12-2021?src=osp", ĐẠI TIỆC SAMSUNG

Samsung Galaxy A12 (2021)
4GB
6GB

4.290.000₫

 -13%
3.690.000₫

    

 

257
"https://www.thegioididong.com/dtdd/nokia-g10?src=osp", Trả góp 0%
Nokia G10
3.690.000₫

Quà 500.000₫

    

 

16
"https://www.thegioididong.com/dtdd/xiaomi-redmi-10c?src=osp", Trả góp 0%
Xiaomi Redmi 10C series
64GB
128GB
3.490.000₫

    

 

31
"https://www.thegioididong.com/dtdd/realme-c21y-3gb?src=osp", Trả góp 0%
Realme C21Y
3GB
4GB

Online giá rẻ

3.690.000₫

 -5%
3.490.000₫

Quà 300.000₫

    

 

41
"https://www.thegioididong.com/dtdd/realme-c21-y-3gb?src=osp", Trả góp 0%
Realme C21-Y
3GB
4GB

Online giá rẻ

3.690.000₫

 -5%
3.490.000₫

Quà 300.000₫

    

 

15
"https://www.thegioididong.com/dtdd/nokia-c30?src=osp", Trả góp 0%
Nokia C30
3.450.000₫

Quà 550.000₫

    

 

41
"https://www.thegioididong.com/dtdd/samsung-galaxy-a03s?src=osp", Samsung Galaxy A03s

Online giá rẻ

3.690.000₫

 -10%
3.290.000₫

    

 

178
"https://www.thegioididong.com/dtdd/oppo-a16k?src=osp", OPPO A16K
3.290.000₫

    

 

91
"https://www.thegioididong.com/dtdd/xiaomi-redmi-9c-3gb?src=osp", Xiaomi Redmi 9C
3GB/64GB
4GB/128GB

2.990.000₫

 -6%
2.790.000₫

    

 

179
"https://www.thegioididong.com/dtdd/realme-c11-2021-2gb-32gb?src=osp", Realme C11 (2021) 2GB/32GB

Online giá rẻ

2.990.000₫

 -10%
2.690.000₫

    

 

24
"https://www.thegioididong.com/dtdd/realme-c11-2021?src=osp", Realme C11 series
C11 2021 2GB
C11 2021 4GB

Online giá rẻ

2.990.000₫

 -10%
2.690.000₫

    

 

76
"https://www.thegioididong.com/dtdd/xiaomi-redmi-9a?src=osp", Xiaomi Redmi 9A
2.490.000₫

    

 

375
"https://www.thegioididong.com/dtdd/itel-l6502?src=osp", Itel L6502
2.490.000₫

    

 

12
"https://www.thegioididong.com/dtdd/nokia-c20?src=osp", Trả góp 0%
Nokia C20
2.340.000₫

Quà 250.000₫

    

 

40
"https://www.thegioididong.com/dtdd/itel-l6006?src=osp", Itel L6006
2.190.000₫

    

 

33
"https://www.thegioididong.com/dtdd/nokia-215?src=osp", Nokia 215 4G
900.000₫

    

 

88
"https://www.thegioididong.com/dtdd/nokia-110-4g?src=osp", Nokia 110 4G
850.000₫

    

 

36
"https://www.thegioididong.com/dtdd/nokia-105-4g?src=osp", Nokia 105 4G
750.000₫

    

 

33
"https://www.thegioididong.com/dtdd/masstel-fami-60?src=osp", Masstel FAMI 60 4G
750.000₫

    

 

28
"https://www.thegioididong.com/dtdd/masstel-izi-55?src=osp", Masstel IZI 55 4G
700.000₫
"https://www.thegioididong.com/dtdd/itel-it9200?src=osp", Itel it9200 4G
700.000₫

    

 

51
"https://www.thegioididong.com/dtdd/itel-it9210?src=osp", Itel it9210 4G
680.000₫

    

 

16
"https://www.thegioididong.com/dtdd/masstel-fami-12-4g?src=osp", Masstel FAMI 12 4G
650.000₫
"https://www.thegioididong.com/dtdd/masstel-izi-20-4g?src=osp", Masstel IZI 20 4G
550.000₫

    

 

10
"https://www.thegioididong.com/dtdd/masstel-izi-10-4g?src=osp", Masstel IZI 10 4G
500.000₫

    

 

11
"https://www.thegioididong.com/dtdd/nokia-105-single-sim-2019?src=osp", Nokia 105
1 SIM
2 SIM
480.000₫

    

 

84
"https://www.thegioididong.com/dtdd/masstel-izi-300?src=osp", Masstel IZI 300
450.000₫

    

 

16
"https://www.thegioididong.com/dtdd/oppo-reno7-pro?src=osp", OPPO Reno7 Pro 5G

Hàng sắp về
"https://www.thegioididong.com/dtdd/vivo-y01?src=osp", Vivo Y01

Hàng sắp về
"https://www.thegioididong.com/dtdd/nokia-g21?src=osp", Nokia G21

Hàng sắp về
"https://www.thegioididong.com/dtdd/oppo-reno7-4g?src=osp", OPPO Reno7 4G

Hàng sắp về
"https://www.thegioididong.com/dtdd/nokia-g11?src=osp", Nokia G11

Hàng sắp về
"https://www.bachhoaxanh.com/", 
"https://www.bachhoaxanh.com/kem?utm_source=refferal&utm_medium=bhx_box&utm_campaign=tgdd&utm_content=tgdd_box_kem_280322", 
"https://www.bachhoaxanh.com/khuyen-mai/khuyen-mai-gia-soc-ct420?utm_source=refferal&utm_medium=bhx_box&utm_campaign=tgdd&utm_content=tgdd_box_raucuqua_280322", 
"https://www.bachhoaxanh.com/khan-giay-khan-giay-uot?utm_source=refferal&utm_medium=bhx_box&utm_campaign=tgdd&utm_content=tgdd_box_giayvesinh_280322", 
"https://www.bachhoaxanh.com/ca-tom-muc-ech?utm_source=refferal&utm_medium=bhx_box&utm_campaign=tgdd&utm_content=tgdd_box_ca_130422", 
"https://www.bachhoaxanh.com/ta-bim#OnlyPromotion+trang-1", 
"https://www.bachhoaxanh.com/khuyen-mai", Xem thêm 10.000+
sản phẩm khuyến mãi
"tel:18001763", 1800.1763
"tel:18001062", 1800.1062
"tel:18001064", 1800.1064
"https://www.thegioididong.com/daily", • Cộng tác bán hàng cùng TGDĐ
"http://mwg.vn/", • Giới thiệu công ty (MWG.vn)
"https://www.thegioididong.com/huong-dan-mua-hang", • Hướng dẫn mua online
"https://www.thegioididong.com/tra-gop", • Tìm hiểu về mua trả góp
"https://www.thegioididong.com/chinh-sach-bao-hanh-san-pham", • Chính sách đổi trả
"https://www.thegioididong.com/bao-hanh", • Chính sách bảo hành
"https://www.thegioididong.com/giao-hang", • Giao hàng, lắp đặt
"https://www.thegioididong.com/chinh-sach-khui-hop-apple", • Chính sách khui hộp sản phẩm Apple
"https://www.thegioididong.com/tos", • Quy chế hoạt động
"https://www.thegioididong.com/lien-he", • Gửi góp ý, khiếu nại
"https://www.thegioididong.com/chat-luong-phuc-vu", • Chất lượng phục vụ
"https://www.thegioididong.com/noi-quy-cua-hang", • Nội quy cửa hàng
"https://www.thegioididong.com/tin-tuc/can-trong-voi-nhung-sieu-thi-thegioididong-khong-chinh-chu--683321", • Cảnh báo giả mạo
"https://www.thegioididong.com/b2b", • Bán hàng doanh nghiệp
"https://www.thegioididong.com/phieu-mua-hang", • Phiếu mua hàng
"http://hddt.thegioididong.com/", • In hoá đơn điện tử
"http://vieclam.thegioididong.com/", • Tuyển dụng
"https://www.thegioididong.com/dtdd?sclient=full", • Xem bản desktop
"https://www.facebook.com/thegioididongcom",  3738.8k Fan 
"https://www.youtube.com/user/TGDDVideoReviews",  840k Đăng ký
"https://www.dienmayxanh.com/", 
"https://www.topzone.vn/", 
"https://www.dienmayxanh.com/xe-dap", 
"https://www.avasport.com/", 
"https://avakids.com/", 
"https://www.avafashion.com/", 
"https://www.thegioididong.com/avaji", 
"http://online.gov.vn/Home/WebDetails/20090", 
"https://www.thegioididong.com/tos#giai-quyet-khieu-nai", 
"https://www.dmca.com/Protection/Status.aspx?ID=5b62e759-2a0c-4d86-b972-af903bfbc89d&refurl=https://www.thegioididong.com/dtdd", 
"https://tinnhiemmang.vn/danh-ba-tin-nhiem/thegioididongcom-1632835473", 
"https://www.thegioididong.com/thoa-thuan-su-dung-trang-mxh", Xem chính sách sử dụng