,Transaction_date,Name,Gender,Email,City,Product_id,Amount_spent
0,2021-01-20,William Green,M,beverly88@hotmail.com,Smithfort,83275104,73.69
1,2021-04-29,Carl Medina,F,justincohen@hotmail.com,Johnsonfort,00985413,55.15
2,2021-02-17,Justin Cantu,F,patricia11@phelps-cox.com,Michellebury,48884129,74.34
3,2021-02-27,Haley Brown,F,amandaquinn@yahoo.com,South Derrickview,34580134,70.52
4,2021-07-24,Robert Stone,M,john39@davis.com,Lake Markland,46939012,40.59
5,2021-03-31,Jason Miller,M,zflynn@ramirez.biz,Allenberg,30194311,64.39
6,2021-07-08,Michael Walker,F,wallaceann@hotmail.com,North Markchester,22220035,96.25
7,2021-06-15,Jason Casey,M,elizabeth32@yahoo.com,Wademouth,46436481,99.64
8,2021-04-14,Denise Taylor,M,sharonbenitez@yahoo.com,Carrieport,37079673,21.74
9,2021-06-21,Thomas Hernandez,M,bradfordjohn@gmail.com,Port Donnaborough,19897912,18.55
10,2021-05-26,Justin Norris,F,evansryan@hotmail.com,West Davidborough,62763400,36.51
11,2021-02-24,Joseph Harris,M,diana75@yahoo.com,Arianatown,38919749,50.87
12,2021-02-19,Laura Moore,M,morgantammy@hotmail.com,Kimfurt,53276568,69.88
13,2021-08-06,Carrie Washington,M,lisabrown@gmail.com,West Jonathan,16510289,54.57
14,2021-01-30,Chase Shepherd,F,ryancraig@hotmail.com,Adamsside,12104307,36.8
15,2021-06-23,Ann Henderson,M,christianschneider@yahoo.com,North Ashley,91277299,45.38
16,2021-02-27,Timothy Jennings,M,wardcandice@gmail.com,Judyburgh,03968208,53.1
17,2021-07-14,Nicholas Marks,F,joycebarbara@gmail.com,Lake Duaneberg,89129395,27.91
18,2021-05-31,Andrew Bennett,F,george69@duffy.org,Schroederburgh,95832838,28.7
19,2021-07-16,Jaime Fox,M,jimmycross@gmail.com,Port Ashleyland,33997117,81.32
20,2021-06-28,Linda Stewart,F,johnrice@gray.com,Michaelburgh,97157946,62.24
21,2021-03-27,Brent Young,M,smithrobert@gamble-valdez.com,West Alexandraside,21504754,92.81
22,2021-08-09,Tracy Lewis,F,obrown@rowland-harmon.info,Pennyfort,66442134,99.14
23,2021-07-31,Joshua Hahn,M,paynebarbara@gmail.com,Ashleyborough,88005959,84.8
24,2021-06-09,Michael Fischer,M,cheyenneday@kennedy.com,North Randyberg,28748601,14.74
25,2021-01-29,Brian Orr,F,raymondandrew@fox.biz,Michaelchester,03183069,40.69
26,2021-04-21,Donna Wilson,F,tapiamelissa@yahoo.com,Port Jefferyshire,35731030,44.63
27,2021-02-21,Michele Jordan,M,ashley98@yahoo.com,Ashleyborough,74394265,36.9
28,2021-01-27,Jennifer Schneider,F,watsonrobert@yahoo.com,Billyton,37108946,37.31
29,2021-06-08,Tonya Baker,F,jonathanday@hotmail.com,Port Emily,18072891,4.83
30,2021-07-10,Carlos Carr,M,mcclaincarol@hotmail.com,Port Vernon,28432630,42.38
31,2021-01-18,Suzanne Doyle,F,brandonhooper@crawford.biz,North Danny,74731176,64.92
32,2021-06-12,Ralph Schroeder,M,cynthia12@hotmail.com,Port Marthaberg,88756004,59.1
33,2021-07-08,Laura Mccarthy,M,pmiller@garcia.com,Deborahmouth,15991966,89.2
34,2021-05-21,Diane Smith,M,joseknox@long-harris.biz,East Michael,28208709,52.51
35,2021-05-17,Paul Jackson,M,montgomerytheresa@abbott.org,East Josefurt,87557916,98.23
36,2021-02-23,Robert Rodriguez,M,smitheric@wright.com,Ericaside,27471630,3.4
37,2021-03-01,John Armstrong,F,lori77@hotmail.com,Coxtown,11316206,16.23
38,2021-03-06,Dean Archer,F,jonathan90@hotmail.com,Michelleburgh,29221639,43.64
39,2021-03-19,Michael Oconnor,F,zhangmichael@hughes-johnson.com,Port Samantha,61009257,14.14
40,2021-01-03,Austin Thompson,M,jenkinswilliam@hotmail.com,Rodneyville,73459187,49.47
41,2021-05-29,Christopher Smith,M,haneydean@gonzalez.com,Port Dianefurt,29296163,24.42
42,2021-04-05,Patrick Hogan,F,cindy50@stevens.info,South Virginiaburgh,32190571,8.2
43,2021-08-08,Mrs. Ashley Gibson,F,craigchristopher@welch.net,Marystad,96561997,39.55
44,2021-06-21,Gina Gomez,M,nferguson@jackson-hall.com,Port Anthonytown,79026031,59.1
45,2021-03-28,John Smith,F,karahuff@lara.com,Letown,97894827,77.2
46,2021-04-20,Ian Myers,F,farrellstephanie@madden.com,Curtiston,84264558,81.77
47,2021-03-20,Natalie Collins,F,eaustin@avery.com,Lewisshire,24251655,36.3
48,2021-01-26,Amber Hull,F,sarahrobles@murray.net,Williamsberg,41472040,61.43
49,2021-04-15,Joseph Hill,M,owall@molina-thomas.info,Jimenezport,08696045,29.93
50,2021-03-13,Victor Murphy,M,harriscrystal@gmail.com,South Eric,87164473,62.6
51,2021-07-08,Michelle Clark,M,dayanthony@yahoo.com,Welchfort,87793475,5.39
52,2021-02-11,Joann Smith,M,dudleylori@frederick-johnson.com,North Brooke,69447105,5.52
53,2021-01-11,Charles Williams,M,travisharris@yahoo.com,West Christopherchester,21843334,97.62
54,2021-01-05,Jodi Roman,M,rcampbell@yahoo.com,West Luis,35590781,52.78
55,2021-07-11,Michael Savage,M,vfischer@hotmail.com,Lake Dennis,47552814,82.1
56,2021-04-09,Susan Holt,F,emartin@parker-sanders.com,Lindafort,60047397,79.34
57,2021-06-07,Jacob Cervantes,F,glowe@yahoo.com,Barnesborough,44203276,55.92
58,2021-08-09,Sara Bradley,M,rachael72@huff.net,Leroychester,16394094,70.23
59,2021-07-11,Mrs. Ashley Stephens,M,bowmanmanuel@yahoo.com,Lindseyfurt,44723149,74.98
60,2021-05-28,Tyler Schneider,F,james25@hotmail.com,South Nancyport,62815093,38.4
61,2021-02-28,Misty Parker,F,pratterin@zimmerman-richardson.info,East Troy,08341136,67.67
62,2021-08-07,Connor Schaefer,F,wruiz@gmail.com,Williamshaven,29519323,97.75
63,2021-04-27,Brian Powell,F,lwoods@gmail.com,South Susan,64386706,53.71
64,2021-06-29,Catherine George DDS,M,watsonkyle@gmail.com,Port Michelleburgh,75493677,61.12
65,2021-04-26,Travis Burnett,M,rmartinez@hotmail.com,East Christieport,42596318,7.42
66,2021-06-27,Megan Best,M,cheryl91@gmail.com,Lake Caleb,61904422,13.81
67,2021-06-03,Abigail Hughes,F,amysmith@yahoo.com,North Derrick,97636809,49.25
68,2021-05-09,April Carlson,F,villanuevanicole@ray-delgado.biz,New Christopherborough,26485621,51.96
69,2021-07-21,Christine Scott,F,nhoward@collins.com,Kristinburgh,83864025,74.72
70,2021-04-16,Peter Barber,F,morrisonjohn@melton-turner.net,Marymouth,50099948,13.32
71,2021-02-20,Arthur Lynch,M,randallgina@gmail.com,Suetown,66848349,82.9
72,2021-05-03,Patrick Palmer,F,osbornejohnny@yahoo.com,Port Jeremiahtown,49959833,29.11
73,2021-05-13,Sean Jackson,F,adambarnes@yahoo.com,Moralesmouth,03089675,32.54
74,2021-06-30,Tina Ferguson,F,johnsonmichael@gmail.com,West Davidfurt,51443344,43.22
75,2021-07-01,Casey Porter,F,danielle22@cline-price.biz,Bullockstad,56590678,87.16
76,2021-01-16,Sheryl King,F,jacob43@young.org,East Thomas,97995500,77.32
77,2021-07-30,Aaron Hamilton,F,troynash@freeman-shannon.com,Port Linda,45480256,57.6
78,2021-06-16,Dana Allen,F,christinalopez@gmail.com,Ryanberg,08683069,85.85
79,2021-03-06,Hannah Sloan,M,brenda58@yahoo.com,Penahaven,29170487,75.28
80,2021-04-17,Alexis Gray,F,cford@yates.info,Joneston,78729841,63.78
81,2021-03-13,Laura Garcia,M,christopherramirez@bentley.net,Lake Katrina,56502305,19.26
82,2021-04-07,Justin Tucker,F,kelly63@montgomery-peterson.com,Port Richardbury,27624692,50.12
83,2021-07-07,Jordan Young,F,jgallegos@rodriguez.com,Port Zachary,05738090,15.89
84,2021-02-18,Maria Daniel,M,gregoryrodriguez@robles-ho.com,Coffeyland,14669095,7.16
85,2021-01-13,Michaela Schneider,M,johnsonnina@matthews.biz,West Vanessabury,66809340,69.65
86,2021-05-21,Brianna Arias,M,lynchkara@gmail.com,Monicaberg,80576921,35.74
87,2021-03-18,Howard Freeman,F,stevenbeck@perez.com,Lake Mary,55933988,96.33
88,2021-07-04,Mary Blankenship,M,linkeith@boyd-crawford.biz,Millerfurt,69918179,37.96
89,2021-01-16,Christopher Harris DDS,F,jhall@hotmail.com,West Daisyton,02963044,83.35
90,2021-02-05,John Park,M,brandy74@hotmail.com,Lake Blakehaven,74234196,90.84
91,2021-04-24,Jake Castillo,M,jorgekelly@chandler.info,Julietown,35851578,4.15
92,2021-05-20,Rebecca Franklin,F,chadcollins@yahoo.com,Lake Chadshire,02024844,89.62
93,2021-01-11,Kenneth Taylor,F,megan18@lopez-day.biz,North Russellville,37170165,98.45
94,2021-01-04,Sally Burgess,F,creed@hotmail.com,West Veronicafort,71776767,81.73
95,2021-07-18,Glenda Newman,F,pamelazhang@gmail.com,South Stacey,56040517,31.75
96,2021-03-15,James Graham,M,zacharynavarro@craig.com,Port Marissa,81364053,65.48
97,2021-08-05,Patricia Brown,F,bookerrandy@hotmail.com,Weberland,01534368,76.47
98,2021-06-23,Raymond Randolph,F,hbrooks@lopez.net,West Robert,22404329,34.75
99,2021-08-02,Amy Hernandez,M,daniel34@hotmail.com,Marcuston,93682466,54.83
100,2021-06-17,Kyle Shields,F,sharon93@hotmail.com,Kimside,87371413,23.94
101,2021-01-11,Wendy Beasley,F,fmontgomery@hunter-richardson.com,New Ann,79454322,34.6
102,2021-01-29,Rita Jones,M,frazierjoyce@yahoo.com,Martinezberg,59139829,3.1
103,2021-06-03,Marcia Chapman,M,chantami@hotmail.com,South Ginafurt,98267675,38.55
104,2021-04-27,Mrs. Deanna Lopez,F,james89@watts-gillespie.info,Johnstonville,92934757,94.71
105,2021-03-26,Alexander Moyer,F,dsherman@kerr.com,New Sandy,88309767,95.56
106,2021-01-03,Tyler Dean,F,charleshernandez@hotmail.com,Jenniferport,53269805,6.45
107,2021-06-23,Jeffrey Mcintosh,F,harrisemily@hotmail.com,New Rachel,90882777,56.73
108,2021-02-18,Danny Guerrero,F,kgarza@yahoo.com,South Andreaburgh,66686927,59.47
109,2021-02-04,Jesus Newman,F,dhiggins@gmail.com,South Andrew,99312275,94.35
110,2021-05-14,Kathy Obrien,M,susanferrell@fuller.com,Robinsonbury,11406068,75.78
111,2021-04-14,Kim Hess,F,lbarron@bennett-jones.biz,New Lydiaview,49806199,95.41
112,2021-03-23,Jessica Williams,M,perezandrew@hotmail.com,Mortonmouth,49489385,51.67
113,2021-03-31,Allison Lane,M,agibson@lee.com,New Linda,43058884,43.27
114,2021-02-04,Jason Soto DDS,F,sheltonbrad@yahoo.com,Salazartown,56303537,86.85
115,2021-04-30,Teresa Shaffer,F,martinezfelicia@hanson-holmes.com,North Jennifer,00740852,90.39
116,2021-05-06,Kevin Johnson,M,richard72@mathis.com,Lake Jesusstad,85136885,48.5
117,2021-07-16,Timothy Smith,F,rogerwhite@rodriguez.com,Hancockside,65599532,95.2
118,2021-03-21,William Welch,F,jamesball@webb.com,Gregoryland,80548232,75.85
119,2021-06-19,Kim Dalton,F,codythomas@hotmail.com,New Johnfort,28183099,64.2
120,2021-03-29,Julie Tran,M,tammystone@yahoo.com,North Jennifer,59718406,55.3
121,2021-02-25,William Sanchez,M,theresamiller@page.org,North Michelle,40848976,58.3
122,2021-07-11,Anthony Allen,F,justin77@gmail.com,Mossville,85913479,44.12
123,2021-02-04,Karen Clarke,M,zrichardson@price-johnston.com,Marciaburgh,16777590,24.63
124,2021-06-27,Jerry Gray,M,rallen@jones-nelson.com,North Katie,69745898,6.98
125,2021-07-10,Robert Hill,F,khuffman@gmail.com,Kennethville,18298192,39.12
126,2021-02-25,Kristina Foster,M,bradleyobrien@williams.com,New Meganside,94328912,62.39
127,2021-06-03,Brianna Fernandez,F,rdaniels@gmail.com,Robinsonton,95689265,3.33
128,2021-03-26,Edward Tucker,M,lisa68@yahoo.com,Mayerchester,86763011,46.52
129,2021-05-17,Randall Taylor,F,dianeho@yahoo.com,Bryanmouth,26346755,45.27
130,2021-03-04,Sarah Wilcox,F,kjohnson@yahoo.com,West Jessicaberg,73387176,58.16
131,2021-06-01,Alexis Clark,F,gonzalezmichael@hanna-casey.com,Lake Laurenfurt,98121809,49.23
132,2021-01-02,Angela Moore,F,davisrobert@calderon-sanford.net,New Jessicaview,53349088,45.21
133,2021-07-18,Diane Howell,M,deannahill@hotmail.com,Port Hunter,82362409,70.5
134,2021-03-24,Jesus Lee,M,wharris@cooper-wilson.info,Coleshire,86706582,70.95
135,2021-05-25,Pamela Harris,M,dallen@gmail.com,Mullenberg,90687471,12.87
136,2021-05-12,Johnny Gordon,M,tberg@yahoo.com,East Sarachester,11409205,93.39
137,2021-04-25,Jennifer Chapman,M,darnold@lara.com,Lake Maria,35460121,29.17
138,2021-07-09,Michael Keller,F,james72@hotmail.com,Micheleberg,86230476,62.44
139,2021-03-22,Shelby Ellis,M,brittany11@mejia.com,Hoodfort,80872757,96.21
140,2021-01-31,Kevin Jackson,M,lbailey@hotmail.com,Wrightborough,99542290,57.55
141,2021-02-19,Patrick Evans,F,nelsondavid@jackson.info,New Juliebury,06888237,33.93
142,2021-01-26,Ashley Moore,M,tammy68@yahoo.com,New Brianchester,12166657,11.33
143,2021-07-20,Joel Roberts,M,fstuart@vargas-gomez.info,Aaronberg,19687087,62.18
144,2021-03-20,William Mendez,F,janet04@gmail.com,Evansbury,40738925,73.69
145,2021-06-28,Sherri Price,F,shall@gmail.com,New Ryanburgh,15304971,60.55
146,2021-05-21,Gary Jones,F,rodriguezdwayne@cardenas.net,West Matthew,84066787,67.48
147,2021-04-02,Wendy Ryan,F,uwood@gmail.com,Lake Ginaside,76225581,10.9
148,2021-04-08,Sean Rivera,F,chelseahouse@hotmail.com,Tracystad,93915595,56.26
149,2021-05-09,Lindsay Townsend,M,xanderson@lowe.biz,North Noah,24626934,90.97
150,2021-08-08,Jamie Snyder,M,palmerashlee@gmail.com,South Donnaside,09607286,64.73
151,2021-06-10,Elizabeth Scott,F,imurphy@reyes-bates.com,Port Davidbury,87812237,14.24
152,2021-03-18,Kimberly Kirby,M,perezmichelle@hotmail.com,North Meganstad,04348023,23.71
153,2021-07-19,Richard Lin,M,smithwilliam@whitaker-peterson.com,Lake Lisa,99606589,71.89
154,2021-06-02,Rebecca Guzman,F,tracykennedy@henry-stewart.com,Edwardburgh,71465579,11.24
155,2021-05-19,Amy Underwood,M,peter96@hart.com,Brandonfurt,09283374,62.58
156,2021-02-23,Diana Rowe,F,kristiweber@gmail.com,North Kristen,16645127,64.68
157,2021-05-19,Christina Ortiz,F,christine75@esparza.info,New James,65138410,40.32
158,2021-06-13,Jeffery Lee,F,pdunn@parker.com,Gatesburgh,88770031,47.1
159,2021-05-01,Thomas Hale,F,jeff65@barnes-young.com,Garciamouth,12707591,62.35
160,2021-03-21,Ryan Newman,M,oacosta@hotmail.com,Bensonside,71566511,84.47
161,2021-05-18,Jessica Stone,F,wsanchez@hudson.com,Port Jamesside,72095294,90.18
162,2021-03-09,Jennifer Erickson,F,shelley80@jennings.com,West Lisa,24888271,23.98
163,2021-07-26,Aaron Schmidt,F,ylopez@yahoo.com,Lake Toddside,36275755,84.14
164,2021-01-16,Susan Carroll,M,johnbryan@richards.com,East Robert,42911920,29.67
165,2021-05-31,Miguel Simmons,F,tara67@gmail.com,Brentburgh,04653165,30.85
166,2021-04-09,Christina Nicholson,M,stefanieanderson@gmail.com,Leeland,89708729,45.4
167,2021-01-04,Bruce Macias,F,xsutton@fox.net,West Katietown,03945544,94.51
168,2021-04-15,Alex Greene,M,thomaszachary@hotmail.com,Dustinbury,47778702,4.59
169,2021-05-28,Cheryl White,M,heather77@gmail.com,West Kimberlymouth,77512086,14.62
170,2021-07-21,Laura Johnson DVM,F,ofarley@oconnell-patel.net,Thomasport,25818505,25.26
171,2021-02-21,Krystal Snow,M,jasonsalazar@gmail.com,Staceyfort,22854964,37.57
172,2021-05-18,Andrea Carson,M,audreymelendez@murillo-robinson.com,Matthewview,76325816,91.84
173,2021-02-08,Makayla Chapman,F,bettytorres@yahoo.com,Brownside,10118429,37.26
174,2021-02-13,Raymond English,M,leblancphyllis@yahoo.com,West Brianborough,29856589,18.61
175,2021-07-09,Edward Greene,M,fieldsamy@williams.info,West Jamesmouth,04943433,71.34
176,2021-03-28,Margaret Richardson,M,qsnyder@gmail.com,New Michaelland,93659758,31.86
177,2021-04-04,Jennifer Jackson,M,roberta97@yahoo.com,Hoganhaven,63108705,25.46
178,2021-02-03,Steven Murphy,M,zellis@gmail.com,South Emilyton,73640103,47.94
179,2021-05-31,Cameron Farmer,F,qwilliams@smith-taylor.biz,Lake Kevin,86132541,23.0
180,2021-04-15,Christopher Ramirez,M,victorford@hughes.net,Stephenborough,28002895,93.85
181,2021-04-03,Carol Martin,F,eharper@gmail.com,Patriciaside,33404424,29.46
182,2021-03-08,Melissa Johnson,F,snelson@hotmail.com,West Jonathanhaven,43656653,61.71
183,2021-02-12,Joshua Whitney,F,daniel17@rivera.net,Marshallmouth,82946418,16.22
184,2021-04-30,Michele Hall,M,clifford60@gibson-schwartz.com,East Jennyton,01350555,68.44
185,2021-01-28,Jack Trujillo,F,cathysmith@hotmail.com,South Danielle,59065135,89.3
186,2021-06-13,Andrea Mason,F,rbrown@yahoo.com,Aliciachester,21343537,93.69
187,2021-07-06,Dorothy Morris,F,atorres@wang.com,Brandonbury,55917162,17.9
188,2021-07-16,Nicholas Jennings,M,crosbyrichard@hotmail.com,West Melaniemouth,41069059,49.6
189,2021-08-09,Katherine Diaz,F,lopezcheryl@chapman-ellis.org,Lake Amy,99979089,61.99
190,2021-06-27,Alexis Stokes,F,santiagoelizabeth@hotmail.com,Boydland,23804197,88.92
191,2021-05-02,Kenneth Henderson,M,grantrobert@hotmail.com,Millerfort,60912022,11.21
192,2021-03-06,Jeremy Bradford,F,jeremy60@gmail.com,New Rodneybury,11319047,40.61
193,2021-07-07,Glenn Fox,F,crystal59@yahoo.com,South Pamela,53014610,57.14
194,2021-05-06,Dr. Thomas Brown,F,bookerlisa@jones-mendoza.com,South Gina,81796595,48.57
195,2021-03-02,Martin Roberts,F,crystal89@hotmail.com,North Elizabeth,04991687,99.14
196,2021-04-08,Teresa Hall,F,jreid@potts.net,North Leslieland,96665213,58.63
197,2021-03-17,Jennifer Mcdowell,M,elizabethbrown@smith-wilson.com,Gardnerburgh,24663892,86.57
198,2021-06-10,Matthew Robinson,M,garciabonnie@hotmail.com,South Kelly,50164226,62.91
199,2021-04-25,Richard Murray,M,lindseyfoster@yahoo.com,East Victor,65061305,18.55
200,2021-05-29,Theresa Barnes,M,crichmond@gmail.com,North Jason,19515274,10.88
201,2021-07-04,Patricia Anderson,M,ubrown@gmail.com,Randallhaven,20868727,40.2
202,2021-03-06,Nancy Blake,M,davidfisher@gmail.com,South Davidchester,23775404,30.59
203,2021-02-16,Deborah Johnson,F,millerjonathan@hotmail.com,Kimberlyfurt,75409265,68.65
204,2021-07-25,Jesse Osborn,F,stevenhorne@hotmail.com,Lake Toddton,24669184,84.94
205,2021-03-04,Paula Li,M,xramos@gmail.com,Mariabury,61522633,39.92
206,2021-07-19,Melissa Maynard,M,johncaldwell@mckee-perry.com,Davistown,32982930,6.23
207,2021-03-24,Bradley Lee,F,kimberlyprice@davis.com,Yuborough,58330890,68.38
208,2021-02-07,Tiffany Jones,M,ericmoore@may.org,Kellerfurt,57832586,62.92
209,2021-08-01,Melissa Stephens,F,david79@hill-freeman.com,North Alexandriafurt,70371307,51.62
210,2021-05-31,Ruben Potter,F,khall@yates.net,Millermouth,62581943,69.78
211,2021-06-05,Alexandra Case,F,bjones@bauer-reese.net,Lake Lisa,47707191,30.91
212,2021-01-02,Timothy Green,M,jenniferlucas@gmail.com,Jessicaton,34287613,1.22
213,2021-03-20,Tammy Reyes,M,brian64@young-obrien.biz,Nicholasmouth,82165031,4.19
214,2021-01-20,Sara Mccarty,F,tracyjenkins@yahoo.com,Andersonland,29470396,6.5
215,2021-07-06,Anna Jones,F,suarezdavid@adams.com,North Jerry,21309786,82.41
216,2021-07-01,Amy Morris,M,aaronmartinez@gmail.com,Kelseyberg,53536358,94.27
217,2021-07-30,David Benson,M,gordonphillip@yahoo.com,Lake Emmaville,98016402,49.48
218,2021-01-17,Chad Guerrero,F,krista18@gmail.com,Timothyburgh,83499296,66.88
219,2021-04-04,Shawn Brown,F,karlmack@king.com,East Michaelbury,77156648,28.82
220,2021-01-26,Dr. Autumn Howard,F,smithjennifer@gmail.com,Harringtonhaven,81024667,73.18
221,2021-05-02,Isaac Martin,M,nicholas38@yahoo.com,New Cynthia,85983649,44.99
222,2021-07-12,Robin Scott,M,susanlee@moon.com,Patriciaside,39385390,48.71
223,2021-06-29,Timothy Martinez,M,cgriffin@alexander.com,Priceport,37803476,56.99
224,2021-02-11,Margaret Martinez,F,ujones@garcia-franco.com,West Coreyton,91663344,65.84
225,2021-02-26,Michael Wilson,M,kelleyrobert@hotmail.com,New Barbara,94249088,57.98
226,2021-01-26,Erin Mann,F,stewartbrian@kim-jackson.com,Millershire,73968214,40.51
227,2021-06-19,Tracy Dougherty,F,myoung@yahoo.com,Davenportfurt,35813163,69.12
228,2021-04-02,Kelly Austin,F,davidsharp@hotmail.com,Lake Stephenstad,77699640,8.78
229,2021-06-06,Gregory Cole,F,dunnivan@thomas.com,West Tracy,57923314,59.91
230,2021-03-27,Brian Everett,F,mariaspencer@rodriguez-peterson.com,Stewartburgh,09634398,73.99
231,2021-01-16,Janet Jensen,F,huertamelissa@sullivan-owens.net,Castroville,53051431,13.55
232,2021-06-23,Aaron King,M,sharphaley@hotmail.com,Lake William,74034697,13.12
233,2021-03-06,Molly Mata,M,suarezluis@gmail.com,West Brandy,51875381,95.35
234,2021-01-22,Bradley Baker,M,david71@yahoo.com,New Spencerside,45215827,36.82
235,2021-05-13,Stephanie Owens,M,lmcgrath@leon-reid.com,Lake Andrewton,01130560,4.97
236,2021-03-05,Brandi Brown,M,pacephyllis@curry-wilson.com,East Jamesborough,63812541,9.0
237,2021-07-24,Ricardo Hurley,F,kristenfernandez@yahoo.com,Kevinbury,70056990,39.69
238,2021-06-23,Eric Kelly,F,brittneydouglas@gmail.com,Lake Samantha,46461575,95.27
239,2021-01-28,Anthony Perkins,M,mossamber@gmail.com,Rodriguezfurt,63441888,37.33
240,2021-04-13,Laura Hughes,M,qle@benson-johnson.com,Matthewfurt,71818122,24.58
241,2021-05-14,Jennifer Hughes,F,ihernandez@gmail.com,Port Nichole,36830152,61.92
242,2021-07-24,Martin Warner,F,bradforderika@martinez.com,New Michaelmouth,17796408,83.6
243,2021-03-26,Michael Martinez MD,F,wendy24@cook-bailey.com,West Johnathan,91828385,83.93
244,2021-05-27,Charles James,F,msmith@white.info,Andreafurt,64722238,14.67
245,2021-08-06,Ashley Hunt,M,aramirez@cook.info,Travisborough,73484950,31.36
246,2021-06-23,Timothy Brown,M,bcarter@hotmail.com,Camposmouth,22879721,36.19
247,2021-02-12,Willie Greer,M,cannonmartha@strong-clark.com,Clarkport,52741159,4.21
248,2021-03-22,Michael Smith,F,cervantesbecky@thomas.com,New Pamela,27324271,7.31
249,2021-05-01,Gregory Bryant,M,brett25@gmail.com,Williamshaven,64235981,56.24
250,2021-05-08,Julia Velasquez,M,kristenwilliams@hotmail.com,Lake Kathleenside,71619583,63.21
251,2021-04-08,Joyce Turner,M,sharongarrett@yahoo.com,Brooksland,45714597,1.97
252,2021-03-24,Candace Reynolds,F,jasmine30@hotmail.com,Heatherfurt,92768154,23.51
253,2021-07-26,Christopher Kennedy,F,briansanchez@yahoo.com,Lake Matthewville,39013637,27.8
254,2021-04-15,Samuel Rodriguez,M,craig23@hotmail.com,Christophermouth,02035574,56.36
255,2021-01-31,Haley Carr,M,mackenzie08@phillips-peterson.com,Mariashire,72718605,21.9
256,2021-04-11,Nathan Jackson,F,ysherman@hotmail.com,Danielleborough,94750126,35.65
257,2021-06-29,Megan Horton,M,schneidertiffany@chaney.com,South Ashleyville,40594736,48.18
258,2021-07-19,Joseph Myers,M,mschneider@yahoo.com,Emilyborough,00306409,68.51
259,2021-03-08,Mary Ramos,M,jcooper@anderson.net,North Deborah,40495439,30.26
260,2021-07-30,Brenda Soto,F,moodydavid@hood.com,Victoriaview,05152155,72.39
261,2021-02-11,Terry Price,F,jadewells@hampton.com,Carterton,50034031,71.96
262,2021-01-09,Chelsea Gillespie,M,kristinhowell@gmail.com,West Heatherburgh,92301078,83.35
263,2021-07-14,Michele Kelly,M,stephenbell@hotmail.com,West Kristineberg,54053540,92.93
264,2021-01-10,Joel Washington,F,cookkristen@gmail.com,Wilcoxfort,29907502,48.46
265,2021-03-30,John Gomez,M,ngarcia@webb.info,Port Karlberg,92326972,12.25
266,2021-02-11,Wanda Estrada,F,jeffrey10@hotmail.com,Wattsville,45706035,34.18
267,2021-05-19,Gary Fleming,F,raymondryan@yahoo.com,Morganton,15770455,40.7
268,2021-04-12,Christopher Delgado,M,tyler56@burns.biz,Carlosshire,34403945,45.21
269,2021-04-13,Michael Taylor,F,cheyennegarcia@yahoo.com,Hartmantown,63502749,28.58
270,2021-08-01,Steven Bentley,M,kennethsantos@hotmail.com,Steinfurt,33379296,34.8
271,2021-07-03,Jessica Castro,M,mlamb@gmail.com,Gardnerburgh,97058144,54.29
272,2021-07-27,Melody Beck,F,cjohnson@yahoo.com,North Marybury,91015488,18.99
273,2021-04-03,Lindsey Black,F,ghanson@pittman.org,South Cynthiastad,69109386,35.45
274,2021-07-07,Sean Oliver,F,nicole94@hess.com,Justinbury,21423208,31.79
275,2021-01-16,James Lopez,F,david82@gmail.com,West Tanner,68555764,46.17
276,2021-06-29,Melanie Martinez,F,hannahwright@bernard.org,South Christine,47548145,84.0
277,2021-01-31,Robert Carter,F,thomasavila@wilkinson.com,Richardland,73874201,51.8
278,2021-02-02,Samantha Lucas,F,alicianolan@yahoo.com,Scottton,93931762,33.15
279,2021-04-11,Dawn Lamb,M,zclark@gmail.com,South Bobbyville,77941589,7.53
280,2021-02-04,Julie Hudson,M,sarabailey@hotmail.com,West Michelleside,90991417,30.64
281,2021-02-03,Brett Reid,M,carmen00@gmail.com,Evansside,45858659,13.29
282,2021-04-28,Erin Massey,F,karen15@white.com,Lake Tammy,22992079,50.22
283,2021-05-14,Cynthia King,F,scottbarnett@gilbert.com,Lake Ricardo,73115236,64.57
284,2021-01-17,Richard Thomas,M,camachocarlos@gmail.com,West Jamesburgh,86267809,91.8
285,2021-02-28,Judith Patel,M,carpentercolton@brooks-hicks.com,Carlachester,89279212,5.4
286,2021-07-24,Andrew Shaw,F,ambermitchell@simmons-yang.com,North Tracy,84031747,99.51
287,2021-01-21,Sandra Little,F,jbennett@hotmail.com,Brittanyhaven,45622694,75.36
288,2021-03-20,Timothy Gibbs,M,melaniejohnson@may-moore.com,New Kyle,47292925,65.4
289,2021-06-20,Dr. Vanessa Spencer,F,melissakelley@hotmail.com,Lake Eric,02305950,34.1
290,2021-01-23,Ashley Campbell,F,uhill@gmail.com,Perezfort,04832652,13.34
291,2021-05-15,Katie Webster,M,sandra80@bowman-james.org,Woodwardshire,42167907,7.18
292,2021-04-15,Jennifer Bass,F,yweber@gmail.com,Julieshire,53978332,12.77
293,2021-07-21,Alice Ayers,M,greenthomas@gmail.com,Johnfort,43900145,17.72
294,2021-01-18,Jennifer Fischer,F,pcardenas@roberts.com,North Heathertown,00200233,32.73
295,2021-04-28,Kelsey Jackson,F,lisa76@gordon.com,South Kelly,77791535,75.85
296,2021-02-21,James Gonzalez,M,toni08@yahoo.com,Saraside,40370484,87.82
297,2021-05-24,Danielle Collier,M,john70@yahoo.com,Josephbury,19400006,6.43
298,2021-07-13,Justin Stephenson,M,csmith@sparks.biz,South Kimberlyfort,89041758,99.25
299,2021-04-27,Linda Thompson,M,pamelawatson@hotmail.com,North Williambury,91236180,45.7
300,2021-04-06,Jeffrey Robinson,M,foxmichael@delgado-bell.com,Raymondville,83099175,9.22
301,2021-03-13,David Reed,F,lindanguyen@gmail.com,Christopherview,37217112,77.5
302,2021-07-27,Melinda Miller,F,gregorywalker@martinez-mendez.com,West Elizabeth,44025571,86.11
303,2021-07-07,Danielle Jenkins,F,sherribaker@johnson-rollins.com,North Katherineport,91399977,88.81
304,2021-04-29,Ashley Porter,F,shawn57@williams.info,Jessefurt,50440054,8.95
305,2021-07-27,Perry Holland,F,rhill@yahoo.com,Lake Michael,38705427,97.62
306,2021-07-26,Meghan Duran,M,cwells@garcia.com,Wardside,66920359,99.16
307,2021-04-22,Tammy Ali,F,mikaylajohnson@gmail.com,South Rebeccafort,51794439,20.44
308,2021-01-17,Brandon Lee,F,amy99@yahoo.com,East Lindsaychester,75196998,51.8
309,2021-03-05,Cory Smith,M,deborahhicks@yahoo.com,Stewartburgh,97417026,24.66
310,2021-05-18,Kevin Stone,M,barbara73@yahoo.com,Philliphaven,53160874,13.5
311,2021-05-26,Linda Phillips,M,hsmith@fritz-burton.com,South Joann,88109787,2.79
312,2021-02-07,John Reid,M,blee@larson-key.com,East Jessica,01236620,45.4
313,2021-02-03,John Hobbs,M,maxwellbarbara@young-ramos.com,Mendeztown,88714745,22.15
314,2021-03-03,Christopher Marshall DDS,M,riggstimothy@gmail.com,Connorport,46472595,59.26
315,2021-02-05,Roy Harris,F,jscott@hutchinson-chase.com,Christophershire,64165356,18.36
316,2021-05-14,Julia Bernard,M,richardsonkathleen@evans.com,Hendersonshire,56087727,60.13
317,2021-08-06,Brandon Wagner,F,brittney20@yahoo.com,North Ashley,31896603,84.63
318,2021-05-10,Philip Thompson,M,amber46@yahoo.com,Rachaelland,80098034,31.1
319,2021-02-11,Kelsey Watts,M,garciajose@gmail.com,Jacksonville,84795847,66.97
320,2021-05-07,Katherine Hurst,M,chad36@tapia.info,Hoganborough,46171375,52.81
321,2021-06-26,Susan Barry,M,petersolivia@hotmail.com,Wolfeland,46900425,99.11
322,2021-05-14,Mark Stewart,F,nesparza@choi-conrad.com,Robertsonshire,25428193,79.24
323,2021-03-11,Cynthia Waters,F,henrycarla@yahoo.com,New Heatherfurt,34182598,21.55
324,2021-06-14,Joseph Mccarthy,M,dshepard@mathis-hayes.com,Tammychester,33366869,62.7
325,2021-07-07,Melissa Wall,F,gonzalezamy@thomas-anderson.net,West Michelle,67227662,17.9
326,2021-01-10,Edward Tucker,M,joseph77@yang-knight.biz,North Nicoleview,69035050,58.65
327,2021-04-20,Terrance Ortiz,M,joel88@cook-pacheco.com,Paultown,65166321,18.29
328,2021-05-13,Ryan Lee,M,cassandra02@williams.net,New John,53066718,59.1
329,2021-03-30,Peter Wheeler,F,tammykrause@yahoo.com,Tylerfurt,68858766,76.82
330,2021-03-09,John Moore,M,jamesjames@gmail.com,Andersonchester,44909062,10.14
331,2021-07-25,Nancy Dorsey,M,simmonsjonathan@hotmail.com,Port Staceyfort,73598732,70.8
332,2021-06-19,Richard Miller,M,gabrielle27@heath-wilson.com,West Katelyn,50066865,86.67
333,2021-03-06,Kyle Aguirre,M,amygarcia@peterson-houston.org,Janiceside,88096889,83.28
334,2021-08-03,Steven Chapman,M,jennifer74@hotmail.com,Port Adambury,19938882,33.99
335,2021-03-01,Jeffrey Wong,M,rosejoseph@butler-foster.com,Craigtown,21487835,82.38
336,2021-04-20,Miguel Johnson,M,thomaskyle@yahoo.com,North Alex,29120192,35.19
337,2021-07-05,Glen Snow,F,ehill@yahoo.com,Sabrinastad,49469318,72.89
338,2021-05-22,Sarah Davis,F,kelly23@gmail.com,Port Christophershire,62601764,11.88
339,2021-05-17,Catherine Lara,F,brenda34@baxter.com,Rhodeschester,58205686,11.52
340,2021-06-23,Brenda Bell,F,david30@gmail.com,Jenniferview,87163087,80.41
341,2021-03-29,Gary Walker,M,rosslisa@green.com,North Autumnfort,85632769,63.61
342,2021-02-21,Robert Williams,F,jessica94@hall.com,Rodriguezmouth,62214797,37.28
343,2021-05-17,Angela Obrien,M,jason38@hotmail.com,Lindastad,68422684,18.81
344,2021-05-17,Crystal Rhodes,M,alyssa38@hotmail.com,Adamshire,26444628,42.35
345,2021-06-08,Jessica Jimenez,F,jimmy20@hotmail.com,Williamsshire,43340095,8.47
346,2021-07-17,Justin Jackson,M,hallgabriel@hotmail.com,North Reginatown,19307657,10.65
347,2021-06-30,Nathaniel Moss,M,amanda79@johnson.org,Glenshire,69491214,17.29
348,2021-05-13,Sue Lopez,F,srobinson@turner.com,Carterside,48874717,3.1
349,2021-02-08,Thomas Reyes,F,troberts@allen.com,Francobury,25347067,99.2
350,2021-05-13,Jeffrey White,F,ryan35@hotmail.com,Simsberg,27647240,39.75
351,2021-05-25,Douglas Roth,F,dsandoval@lynn.com,Brettberg,78396333,61.65
352,2021-07-11,Cynthia Ramirez,M,jonestimothy@gmail.com,Port Jennyborough,67173785,78.65
353,2021-01-10,Daniel Robinson,M,shane77@hotmail.com,Justinborough,06664527,20.65
354,2021-01-04,Shaun Coleman,F,michael97@hotmail.com,Nathanielfort,85312630,61.79
355,2021-06-18,Derek Armstrong,M,zserrano@potts.com,Taylorchester,62907293,55.29
356,2021-05-07,Alexis Lopez,M,lisamartin@gmail.com,Kingfurt,54942943,30.34
357,2021-01-13,John Hernandez,F,hbrown@acevedo.net,Cummingsland,32513547,30.2
358,2021-03-16,Stephen Smith,F,desiree45@gmail.com,Brownmouth,81765959,59.88
359,2021-05-11,Heather Hicks,F,gregory55@ruiz-hill.biz,Rayhaven,48596923,69.38
360,2021-03-17,Jesus Olson,F,rodrigueznicole@yahoo.com,Josephbury,82020149,50.29
361,2021-05-03,Kelly Russell,M,paynejordan@hotmail.com,Shieldsland,08991942,84.56
362,2021-03-31,Mallory Kaufman,M,kelleyandre@johnson.org,Michaelville,01500066,31.29
363,2021-06-10,Kevin Jordan,M,emack@howell-knox.com,Lynnberg,48893084,83.33
364,2021-04-20,Sarah Brown,M,burnettmegan@cunningham.com,New Jeffrey,12528882,74.9
365,2021-04-08,Michael Brewer,M,paulduncan@martin.org,South Henryland,85594036,27.71
366,2021-02-11,Ricardo Mills,F,tsimmons@nelson.info,Port Ronaldside,74456512,86.56
367,2021-01-05,Tiffany Parker,F,robert11@smith.com,Perkinsfurt,57858517,1.21
368,2021-02-17,Roberto Riggs,F,myersmary@hotmail.com,West Deniseport,70982473,43.3
369,2021-05-09,John Walker,F,tyler29@davis.org,South Meagan,09044012,93.17
370,2021-07-18,Teresa Wright,F,michelle93@bowen-nelson.org,Michaelberg,88912172,94.4
371,2021-04-19,Ricardo Gray,F,jowens@gmail.com,Andersonfort,53360823,43.61
372,2021-05-22,Mr. Scott Johnson,M,smithanthony@hotmail.com,South Kyle,94196207,37.16
373,2021-04-02,Patricia Cain,F,jeffrey11@hotmail.com,Jessicaton,31879163,58.69
374,2021-06-16,Yesenia Jones,F,coopermario@warner.com,North Brentborough,89807866,55.79
375,2021-03-14,Misty Humphrey,M,dmorris@simmons.biz,South Martin,38091209,17.6
376,2021-04-26,Madison Wright,F,sparkswilliam@hotmail.com,Savannahmouth,38642197,93.88
377,2021-08-09,Joshua Butler,F,syork@garcia-gonzalez.com,Port Cassieshire,05701049,4.3
378,2021-03-21,Andrew Wright,M,johnsoncourtney@yahoo.com,Greenmouth,36395255,69.38
379,2021-07-07,Derek Williams,M,kimberly96@kelley.com,Gonzalezview,48434966,55.69
380,2021-05-08,Amanda Martinez,F,kelly23@shaffer.com,Michaeltown,37400019,35.43
381,2021-06-13,Tammy Harper,M,evansvanessa@yahoo.com,Port Pennyburgh,11743750,13.8
382,2021-06-20,Brittany Mayo,F,gonzalezdean@gmail.com,Davisside,94006643,63.26
383,2021-04-10,David Lawson,F,eharris@garcia-becker.info,Calebhaven,22346223,71.54
384,2021-04-21,Rebecca Lowe,F,phillipsrachel@lucero.com,East James,86944731,30.52
385,2021-06-13,Kristin Levine,F,aliciaanderson@mooney.net,West Brenda,65314500,74.14
386,2021-07-24,Sarah West,F,laurie55@lutz-wilkinson.info,Gibsonbury,41116821,66.3
387,2021-06-19,Larry Nelson,M,brocknicholas@snyder.com,North Richardburgh,01649727,60.91
388,2021-03-19,Jacob Benitez,M,adrianwilliams@moreno-henderson.com,East Tracey,71763392,71.33
389,2021-03-29,Joshua Mann,F,waltonmichael@gmail.com,New Amy,18882704,99.77
390,2021-04-13,Johnny Wagner,F,jeremiah21@yahoo.com,New Stephanie,59583356,28.43
391,2021-03-21,Don Hernandez,F,scottcollins@gmail.com,Lake Jared,85218222,28.54
392,2021-06-16,Katherine Perez,F,stanley50@robinson-hernandez.org,North Anthonyberg,31219761,6.72
393,2021-05-02,Kim Brown,M,michaelbradford@hotmail.com,Port Joseberg,88489346,7.95
394,2021-02-14,Dalton Smith,M,anthonyhudson@yahoo.com,Matthewside,72364895,52.59
395,2021-06-25,Emily Barnes,M,nleach@hotmail.com,Randymouth,03635919,87.93
396,2021-06-11,Todd Campbell,M,chungalexander@le.org,Jeremyfort,45962691,79.8
397,2021-04-26,Bethany Armstrong,F,nathankelly@green.biz,Port Joanna,25378597,60.68
398,2021-06-18,Daniel Carrillo,F,christinecastro@hotmail.com,Kylebury,23916302,87.51
399,2021-04-28,Brandon Whitaker,M,nancyfarley@hotmail.com,East Catherineton,84800237,8.6
400,2021-04-29,Ashley Parks,F,sstewart@morgan-jacobs.org,Rollinsfort,69255717,79.6
401,2021-06-26,Mark Johnson,F,andersonrodney@sparks-johnson.net,South Coreytown,61160019,12.84
402,2021-05-05,Jay Moreno,M,joereed@price.org,East Samanthamouth,51588281,80.92
403,2021-04-04,Patricia Anderson,F,masonemily@morrison-gonzalez.net,South Martinfort,54016590,3.18
404,2021-02-15,Sarah Parker,M,ryan11@parks.com,New Holly,39784759,41.7
405,2021-03-10,Tyler Johnson,M,bakerjames@green.biz,Matthewchester,96353936,64.63
406,2021-04-19,Cassandra King,F,glenn24@strickland.com,Wilkersontown,87889000,63.96
407,2021-01-14,Angela Taylor,M,monicarussell@mendez.info,Lake Nancy,32906196,34.53
408,2021-06-06,Diana Williams,F,ynorman@yahoo.com,North Josephstad,41023082,25.26
409,2021-06-15,Stacie Allen,F,umoran@johns-schultz.biz,Thompsonchester,34580417,98.37
410,2021-08-01,Brooke Perry,M,greensydney@gmail.com,Castillohaven,70960815,20.54
411,2021-07-07,Alexandra Hardy,F,ksanchez@phillips-anderson.com,Stevenston,94042610,70.19
412,2021-05-03,James Levy,F,maddentheresa@yahoo.com,Rachelview,44999315,14.47
413,2021-03-16,Justin Torres,F,allisonclark@yahoo.com,Ashleytown,51338213,7.48
414,2021-07-22,Raymond Edwards,F,cortezstacey@waters.info,Brownbury,02014517,73.86
415,2021-03-03,James Bell,F,brendan85@hotmail.com,East Timothy,24138130,83.45
416,2021-06-23,Mindy Schultz,M,jonathananderson@yahoo.com,South Michael,04658511,85.86
417,2021-07-28,Mr. Larry Garcia,F,sdudley@gmail.com,North Emilyview,84293947,86.42
418,2021-02-11,Ryan Harvey,M,kristen98@howe.info,Donnashire,37032470,12.3
419,2021-01-25,Robin Hughes,M,omadden@jennings.info,South Johntown,39052667,90.8
420,2021-05-08,James Santos,F,jessica87@yahoo.com,North Cherylview,21971921,8.27
421,2021-02-27,Anthony Owen,F,ernestmiller@hotmail.com,Kelleyfort,56760934,47.51
422,2021-04-03,Samuel Castillo,F,markkim@smith.com,Lake Donald,08143662,60.21
423,2021-08-09,Jesse Kelly,F,robertpena@yahoo.com,Elizabethville,76223235,25.47
424,2021-05-26,Michael Garcia,F,kevin78@gmail.com,Carrollfort,21571213,74.18
425,2021-06-03,Kevin Hicks,F,williamsjames@yahoo.com,Lake Robert,74867165,3.91
426,2021-05-31,Nicholas Frazier,M,esmith@gmail.com,Brandonview,81978045,43.32
427,2021-07-05,Gerald Adams,F,jeffrey56@hotmail.com,Baldwinfort,47225428,64.2
428,2021-06-15,Linda Fernandez,M,thompsonalexander@yahoo.com,Stevenville,66037477,77.77
429,2021-01-27,Jeffrey Baldwin,F,kellylewis@houston.org,Haneyside,34189108,96.53
430,2021-03-29,Joel Lee,M,davidmoore@hotmail.com,Jorgeshire,22157850,46.71
431,2021-03-12,Morgan Doyle,M,hwalls@gmail.com,Edgarmouth,72668191,66.86
432,2021-03-10,Mark Walker,F,mooredanielle@jones.biz,Lake Normaburgh,04208976,86.82
433,2021-07-04,Amy Robbins,M,katherinemoore@yahoo.com,Weaverland,96009147,20.31
434,2021-01-07,Anita Mcgee,F,epetersen@yahoo.com,West Stephanie,75335052,70.39
435,2021-05-09,Kimberly Floyd,M,mercerlaura@yahoo.com,Lake Rebeccaside,68066758,12.83
436,2021-03-23,Robin Ballard,M,richardsonemily@daniel.org,North Jennifer,67878796,46.53
437,2021-03-04,Rhonda Mills,F,gary80@yahoo.com,New Shaun,04662044,47.69
438,2021-06-21,Jason Rodriguez MD,F,yjenkins@hotmail.com,Morganton,11595861,10.51
439,2021-02-03,Timothy Rogers,F,elizabethmonroe@garner.com,New Lisaside,71661629,51.68
440,2021-06-01,Shawn Hall,F,srivas@underwood.com,Lake Katieburgh,53859846,57.95
441,2021-07-06,Brandon Lewis,F,wking@gmail.com,South Kyle,44084981,90.59
442,2021-04-30,William Schmidt,M,rcraig@young.org,North Linda,29097104,45.34
443,2021-06-19,John Ramirez,M,hendricksjason@christensen.com,Smithton,63688535,8.5
444,2021-05-28,Michael Peters,F,paigejones@gross.com,Aaronbury,47112148,42.79
445,2021-02-07,Robert Hickman,F,julie74@callahan.com,New Gary,30026698,8.98
446,2021-02-09,Steven Jackson,M,perrydestiny@novak-medina.info,New Patricia,31283229,78.89
447,2021-07-15,Maria Booth,M,joanhernandez@yahoo.com,Melissaside,75979195,47.0
448,2021-03-01,Devin Nelson,F,andrea87@gmail.com,Romantown,63729283,4.26
449,2021-02-06,Scott Henry,M,nmartin@yahoo.com,West Gregoryside,97425489,4.74
450,2021-02-15,Michael Oneal,F,richelizabeth@yahoo.com,Robersonport,38837760,44.7
451,2021-03-30,Mary Ryan,F,eric85@yahoo.com,Port Sylvia,46247933,10.19
452,2021-05-09,Joseph Morris,M,ifranklin@castro.com,Kennethton,72403648,58.4
453,2021-07-15,Emily Carlson,F,kaylalang@bowman.com,Hallport,66786375,41.25
454,2021-07-06,David Cruz,M,qjohnson@cervantes-johnson.com,West Jacob,48935241,84.24
455,2021-03-19,Kimberly Williams,M,asmith@gmail.com,Davidstad,86380096,9.69
456,2021-07-13,Kelly Faulkner,M,lambmelanie@gmail.com,East Stevenberg,45932731,39.34
457,2021-02-15,Kaitlyn King,F,gregoryortiz@yahoo.com,Petermouth,80509578,40.93
458,2021-04-17,Lindsay Stewart,M,james60@hotmail.com,Vazquezborough,48513074,26.94
459,2021-04-30,Alexander Carpenter,M,benjaminruiz@gmail.com,Vazquezborough,57015743,34.26
460,2021-05-01,David Chaney,F,jesus17@yahoo.com,Cynthiahaven,18743401,42.83
461,2021-07-23,Cathy Weaver,F,underwoodjennifer@hotmail.com,Kingshire,10580905,7.48
462,2021-01-05,Marcus Pollard,F,lori01@rivera.net,South Chad,81512850,14.37
463,2021-01-13,Ms. Monica Miller,M,jenniferbrown@gmail.com,Maddenton,41256114,77.74
464,2021-07-04,Mary Bradshaw,F,heidi10@gmail.com,Stacyview,89496626,27.76
465,2021-02-25,Cindy Martinez,M,vyoung@hotmail.com,South Meganburgh,92864474,14.46
466,2021-06-28,Ricky Gomez,M,zgonzalez@yahoo.com,New Cynthia,92801363,86.13
467,2021-03-04,Rhonda Williams,M,morriszachary@morgan-vasquez.net,East Dylan,46529244,24.4
468,2021-02-13,Mr. Richard Figueroa,M,davidrichards@fields.com,Davismouth,52355974,3.23
469,2021-03-31,Samantha Hunt,F,erica58@sanders-barnes.com,Port Nicole,62280464,74.48
470,2021-04-11,Brett Winters,M,bianca09@yahoo.com,Christianton,04070108,63.67
471,2021-07-02,Maureen Rodriguez,F,rangelglenn@clark.com,New Ellenburgh,22713827,87.22
472,2021-06-14,Zachary Hopkins,M,sarahyang@palmer-james.com,South Todd,37054908,64.27
473,2021-04-03,Andrew Hernandez,F,chouse@brown-sanchez.biz,East Clairefurt,83874864,57.19
474,2021-01-15,Steven Jackson,M,meltonheidi@gmail.com,Leestad,44687816,19.11
475,2021-05-03,Laura Duke,F,vmiller@gmail.com,Smithstad,02380186,79.86
476,2021-01-07,Rachel Rose,M,ashleyestrada@hotmail.com,New Emilyberg,73403661,57.88
477,2021-05-13,Brittany Parker,M,joshua79@beltran-ramos.biz,Stricklandshire,89346969,10.83
478,2021-04-02,Peggy Burch,F,ifranklin@yahoo.com,South Maria,82368012,6.98
479,2021-07-17,Erin Bray,M,eric94@baker.org,Griffinfort,40484389,98.18
480,2021-07-20,Sharon Suarez,M,coxcandice@hotmail.com,West Shannonview,34645956,12.92
481,2021-04-12,Brandi Robinson,F,whitakermatthew@yahoo.com,Deannafurt,76757471,97.3
482,2021-08-01,Jessica Delacruz,F,meadowscarol@page.com,Whiteland,11296225,22.38
483,2021-03-25,Tonya Bennett,M,allisongreer@williams.com,Harmonhaven,77944290,93.47
484,2021-06-05,Nathan Willis,M,lgarcia@yahoo.com,Port John,02714509,39.48
485,2021-04-10,Alexander Nguyen,F,sara06@gmail.com,New Toddstad,79192521,3.6
486,2021-04-17,Brandi Woods,M,caleb25@hotmail.com,North Ryanshire,50136933,93.6
487,2021-03-24,Anthony Caldwell,M,robbinsdaniel@clark.com,Pagefurt,92194533,73.94
488,2021-01-02,Jennifer Myers,F,kevinschmidt@oliver-sanders.com,Woodsfort,35728207,69.2
489,2021-06-05,Melanie Elliott,F,seth29@reynolds-vega.net,North Leslie,19393049,67.99
490,2021-01-29,Allison Ali,F,longpaul@hall.com,Brandonmouth,19343761,4.99
491,2021-02-07,Rick Smith,M,spencerdavis@kelly.com,Jacksonfort,46148780,24.42
492,2021-03-01,Shelley Martinez,F,christianandrews@yahoo.com,Henryberg,53730282,43.93
493,2021-08-08,Adam Roth,M,stephanie30@yahoo.com,Johnbury,96489000,71.21
494,2021-02-27,Carol Moore,M,nwhite@hood-mitchell.com,New Regina,33358956,57.2
495,2021-01-12,William Sutton,F,kellerjudith@yahoo.com,Ruizmouth,83314254,46.37
496,2021-01-25,Tara Mccoy,F,thomas79@yahoo.com,Chelseaburgh,44145378,48.71
497,2021-08-05,Janice Snyder,F,epierce@hotmail.com,Prattside,20823764,28.8
498,2021-04-04,Sarah Sexton,F,kwolfe@berry.org,North Krista,72439081,11.7
499,2021-07-17,Alfred Fleming,M,lance60@nguyen.org,New David,52615788,37.0
500,2021-03-08,James Hanson,F,karengreene@matthews.com,New Jody,28982227,46.26
501,2021-05-07,Mary Estrada,M,allenhill@yang.org,West Michaelchester,54674820,75.11
502,2021-06-21,Alan Kennedy,M,stewartlisa@hotmail.com,North Richardburgh,95637365,62.48
503,2021-03-01,Martha Ross,M,fsmith@hotmail.com,Brooksstad,77242754,89.52
504,2021-07-30,Janet Mclean,M,jose31@hotmail.com,North Katherine,41913451,13.83
505,2021-06-06,Kevin Fuller,M,jasminebaker@gmail.com,Lake Sethport,65157145,77.51
506,2021-01-22,Jessica David,M,kimberlyjones@evans.biz,Crystalport,69933790,40.5
507,2021-06-30,Robert Martinez,M,amanda75@rivera.com,North Mikaylaville,20273965,33.86
508,2021-07-23,Robert Mejia,M,jmeza@hamilton.biz,New Ginachester,24446259,94.8
509,2021-06-19,Lisa Welch,F,jonathan47@sosa.info,New Angelashire,81564033,23.72
510,2021-06-01,John Tran,F,stephaniedavis@morris.com,Brennanberg,63576115,76.43
511,2021-03-16,Audrey Thomas,F,jordanhill@hotmail.com,South Marymouth,60008084,72.3
512,2021-07-21,Allison Barr,F,lclark@cantu.org,Thomastown,85248069,64.69
513,2021-02-20,Debra Jones,M,dmartin@rodgers-tran.com,East Chelseaside,80524601,18.63
514,2021-05-17,Steven Higgins,F,patricia30@ochoa-welch.biz,North Paulside,36488940,37.18
515,2021-03-17,Julie Moore,M,jnelson@simmons.com,Robinsonberg,01830521,92.17
516,2021-01-25,Connie Mitchell,F,wgarcia@bailey.com,New Stephaniemouth,72102640,24.4
517,2021-04-29,Matthew Brown,M,sandra52@hotmail.com,East Maryport,80942481,30.87
518,2021-05-03,Nathaniel Harris,F,kristen63@lopez.com,Port Taylorton,74161348,21.92
519,2021-03-30,Anthony Dillon,F,sadams@gmail.com,New Robert,17404181,48.34
520,2021-04-11,David Craig,M,garciachristopher@gmail.com,Travisfurt,88298665,61.97
521,2021-05-08,Thomas Jacobs,M,robinbailey@huang.net,Paulland,95601595,19.45
522,2021-01-07,Mary Cox,F,gwendolynhill@gonzalez-hopkins.com,Fowlerberg,20939960,44.61
523,2021-02-18,Sandra Montes,M,ubradley@gmail.com,Mckayberg,42247036,47.41
524,2021-01-25,Dana Green MD,M,lynchbrittany@gmail.com,Williamsburgh,44514815,24.93
525,2021-02-19,Wendy Wilson,M,bakermark@gmail.com,New Ruth,71125688,57.63
526,2021-02-16,Amanda Mccormick,F,sjacobs@hurst-morales.com,Halestad,02902456,49.16
527,2021-05-13,Lauren Alexander,M,rivasshannon@lester.com,Courtneyburgh,85031548,98.73
528,2021-08-03,Stephen Maldonado,F,ronald33@gmail.com,Dustinmouth,45255953,78.16
529,2021-04-19,Stacey Singh,F,tracy76@gmail.com,Rebeccaside,41907979,3.45
530,2021-01-26,Keith Simmons,F,wardanthony@hotmail.com,West Crystal,08613493,35.9
531,2021-04-19,James Martinez,M,woodholly@gmail.com,Angelaside,43822065,83.96
532,2021-05-03,Stephanie Freeman,F,mrodriguez@zimmerman.com,East Julieshire,18252934,77.7
533,2021-08-08,Sheri Allen,F,jonathanmullins@yahoo.com,Sweeneyfort,15050670,76.48
534,2021-01-07,David Richard,F,greenjason@hotmail.com,East Darrylhaven,35411987,44.89
535,2021-06-23,Sean Sims,F,breannabrown@gmail.com,Carterview,87450521,40.62
536,2021-07-04,Carol Johnson,M,lrobinson@gordon-smith.com,Port Kimberly,66892625,94.75
537,2021-03-08,Craig Garcia,F,carlwest@burke.com,Michelletown,30649439,77.86
538,2021-07-30,Katie Young,F,stephaniemartinez@moore.info,Chenfurt,66980810,6.29
539,2021-01-18,Gregory Ruiz,F,timothysloan@cross.net,West Angelaport,12816255,2.34
540,2021-05-08,Joshua Nguyen,F,rhonda68@gmail.com,Leebury,88493978,92.23
541,2021-01-02,Kevin Freeman,F,marcus43@thomas.net,Lake Benjaminton,09509504,99.5
542,2021-05-29,Shannon Reyes,F,clarkjason@hahn.biz,North Richard,42274117,30.71
543,2021-07-26,Dwayne Dickerson,F,dana11@perez.net,Lake Jasontown,87727630,7.4
544,2021-01-28,Ryan Walker,F,perezdaniel@gmail.com,Andrewborough,64681450,18.36
545,2021-03-20,Alexander Nguyen,M,harveycynthia@hotmail.com,South Alicia,33550411,50.9
546,2021-06-12,Phillip Bryant,M,guzmaneric@hotmail.com,Port Triciafort,02697208,19.6
547,2021-02-06,Tamara Juarez,M,scottjoshua@gordon.org,Lake Alicia,76120367,43.22
548,2021-05-18,Emily David,M,johnfleming@clarke-moore.com,Romerobury,13073251,42.43
549,2021-01-09,Marcus Cannon,F,reneehicks@yahoo.com,Vanceville,48958295,53.64
550,2021-04-09,Maria Franco,M,emorgan@benson-williams.com,Gregoryside,37835552,83.7
551,2021-06-12,Crystal Harris MD,M,burchmichael@gmail.com,Port Philip,97680376,4.39
552,2021-06-26,Kristine Anderson,M,james27@yahoo.com,Jessicaville,23401365,16.61
553,2021-05-05,Stephen Holmes,M,maria57@hansen.com,Johnsonton,72253687,37.66
554,2021-05-14,Steven Morgan,M,joseph55@yahoo.com,Amberview,47631007,99.87
555,2021-05-21,Cheyenne Love,F,kevinowen@hudson.com,Samueltown,43369997,92.4
556,2021-02-17,Matthew White,F,brendahill@sanford-ayers.com,Port Christopherfort,78996236,48.5
557,2021-03-18,Albert Gillespie,M,mark08@stone.com,Kristashire,11012429,73.14
558,2021-04-28,Mary Shannon,M,snyderdanny@hotmail.com,Port James,95816074,18.12
559,2021-05-25,Donald Evans,F,philip61@weiss-hall.com,South Benjaminburgh,33465401,38.36
560,2021-06-17,Jillian Bauer,M,bwilliams@taylor.net,Pierceshire,62560047,22.17
561,2021-05-20,Mark Nelson,F,valeriesexton@shannon.com,Michaelstad,18727203,76.7
562,2021-04-04,Kathleen Wood,F,mberry@hotmail.com,Dianaberg,23697058,34.26
563,2021-04-12,Brandy Vargas,F,douglastyler@stephenson.com,Michaelfurt,12973491,98.46
564,2021-07-20,Brianna Jones,F,jacobgibson@rogers.com,Port Reginald,19352428,34.7
565,2021-04-17,Dominique Butler,M,michelebrooks@harper.com,Lindsayton,27685624,27.29
566,2021-07-28,Anthony Clark,M,wallkimberly@todd.com,Melissashire,86896238,2.17
567,2021-05-31,Jonathan Patterson,M,laurenvilla@chaney-campos.info,Harrishaven,40707402,54.79
568,2021-06-14,Carlos Brown,M,elizabethharris@yahoo.com,Calhounmouth,32187625,93.74
569,2021-07-16,Cynthia Ross,M,blakebrennan@yahoo.com,New Ryan,90125638,59.83
570,2021-03-12,Debbie Moore,M,hgonzalez@hotmail.com,North Christina,77018380,95.63
571,2021-06-27,Ashley Sutton,F,debramatthews@yahoo.com,Thomasfort,88160955,40.73
572,2021-03-28,Michael Schmidt,M,ecaldwell@yahoo.com,West Jose,46120038,10.44
573,2021-07-15,Brian Cochran,F,jonathan71@hamilton.info,Barryview,02560786,54.54
574,2021-04-07,Brianna White,F,brittanywelch@hotmail.com,Harrisbury,76252525,36.69
575,2021-01-28,Adam Pena,F,gregory51@lee-johnson.com,Bobbytown,94941753,17.8
576,2021-01-26,Theresa Adams,F,anthony49@hotmail.com,Charleschester,17262637,37.2
577,2021-07-30,Brandon Griffith,M,jorge26@johnson.com,West Melissa,22993380,12.51
578,2021-07-14,Morgan Reynolds,M,omay@jackson.com,West Carol,78591097,70.59
579,2021-03-22,Samuel Pope DVM,M,nancy21@yahoo.com,Port Katrinaview,88447230,14.76
580,2021-01-07,Penny Norris,F,jkelley@hotmail.com,Johnmouth,13459550,82.54
581,2021-01-24,Samantha Green,F,abbottkimberly@jones-perry.com,Jeffreyland,16268166,55.81
582,2021-06-15,Erica Wright,M,laura87@gmail.com,South Theresa,78163652,88.46
583,2021-01-24,Alex Howell,F,emilysantiago@atkins.com,Andersonland,40848945,89.0
584,2021-03-13,Victoria Heath,F,amichael@gmail.com,Bruceshire,35452133,13.43
585,2021-05-09,Tyler Thomas,M,idaniels@hotmail.com,Port Rachael,05740222,74.16
586,2021-05-18,Jennifer Meyer,F,williambrown@hotmail.com,Carolhaven,94786194,6.9
587,2021-02-11,Shannon Burke,F,harrisalexander@welch-campos.net,Stephaniemouth,46228840,21.4
588,2021-05-15,Adam Copeland,F,toddschaefer@jones.com,Newmanfort,21712746,98.19
589,2021-06-14,Vanessa Phillips,F,burtonmichelle@hotmail.com,Smithchester,19369440,20.25
590,2021-01-14,Jacob Shaw,F,annajones@gmail.com,Moramouth,10050019,53.35
591,2021-06-02,Steven Foley,F,rodriguezjames@quinn.org,South Kristinafort,89459423,70.4
592,2021-04-08,Nancy Strickland,F,karenharmon@hotmail.com,West Jacquelineborough,14004872,59.64
593,2021-05-07,Stephanie Franklin,F,fcollins@reed.info,South Steven,72058350,45.88
594,2021-05-14,David Wheeler,M,egriffith@hotmail.com,Lake Brandyfurt,10502709,60.31
595,2021-05-06,William Ellis,F,vhunter@gmail.com,New Curtis,71682891,64.77
596,2021-01-17,Sarah Williams,F,thomashector@hotmail.com,Port Roger,28493112,28.96
597,2021-02-11,Darren Petersen,M,zmercado@yahoo.com,Alvaradochester,16586154,61.13
598,2021-04-07,Jeffery Cross,M,millershannon@nguyen.com,Bellbury,20994594,52.28
599,2021-05-30,Ricardo Humphrey,F,kimberlybooker@gmail.com,North Loganburgh,44143619,38.69
600,2021-04-26,Joseph Carroll,M,stanleybrandi@yahoo.com,Lake Taylorberg,18437089,25.54
601,2021-02-22,Lisa Allen,M,lauren05@bell.info,Reynoldsborough,33595757,31.38
602,2021-01-07,Paul Robertson,F,lmoyer@garcia.org,Lake Ricardo,15680105,72.44
603,2021-07-29,Cynthia Parrish,F,phillipgiles@gmail.com,West Heatherborough,69962721,26.76
604,2021-05-13,James Thomas,M,ghernandez@chandler.org,Jonathonstad,67640485,56.14
605,2021-01-26,Warren Hensley,M,acostadennis@hotmail.com,South William,16987692,62.72
606,2021-05-10,James Shaffer,M,johnrobbins@hotmail.com,Taylorshire,28438526,39.7
607,2021-07-01,Christian Bauer,M,fdorsey@parks-haas.com,Nguyenside,98391523,31.14
608,2021-04-02,Elizabeth Jennings,M,xblevins@yahoo.com,South Elizabeth,55058476,5.92
609,2021-08-09,William Kelley,M,douglascaldwell@griffin.com,Castanedafort,73034186,66.69
610,2021-06-27,Christina Singh,F,jennifer37@williams.net,North Alexandra,88771656,41.38
611,2021-04-26,Mary Fitzgerald,F,nreid@williams.org,Christinachester,87530360,70.91
612,2021-05-25,Gabrielle Douglas,M,james10@yahoo.com,Port Melissaburgh,14746390,19.34
613,2021-07-02,Dr. Maria Brown,M,richard60@hotmail.com,North Justinbury,89784433,23.49
614,2021-08-03,Edward Chen,F,reneejones@yahoo.com,Port Michelle,60042798,90.64
615,2021-06-16,Courtney Ellis,F,maria84@hotmail.com,West Peterchester,16350786,82.75
616,2021-03-26,Michael Romero,F,donna74@gmail.com,New Michael,89328828,20.63
617,2021-08-04,Mark Prince,F,wlewis@hotmail.com,West Tyler,31727426,25.91
618,2021-02-20,Denise Mosley,M,isoto@parker.com,Adamston,63935455,72.32
619,2021-07-19,Jason Martinez,F,mcgeeyolanda@anderson-jordan.com,South Eric,12178117,95.57
620,2021-07-24,Sheila Jackson,F,burnscarrie@lawrence.com,Gravesmouth,01212136,37.15
621,2021-06-14,Julie Hart,M,rwood@gmail.com,Lake Marieburgh,28951735,82.64
622,2021-02-28,Patricia Rocha,M,fosterchristopher@wilson.com,Amberborough,79276559,72.95
623,2021-02-16,Dawn Young,F,menglish@charles.com,Lake Lauriestad,35871842,33.97
624,2021-02-18,Ryan Miles,M,osmith@gmail.com,Fullerberg,29371815,69.2
625,2021-07-17,Joshua Cole,M,mikerivera@rhodes.com,South Ashley,52120855,20.95
626,2021-04-05,Monica Rodriguez,F,williamsmichelle@peters.com,East Laurenfurt,88308333,45.39
627,2021-01-27,Christopher Davis,M,lindacarey@wilson.com,Tuckerstad,51816018,89.44
628,2021-05-23,Christina Bernard,M,kelly87@espinoza.net,Port Crystalshire,25960709,55.8
629,2021-03-13,Carrie Fowler,F,jasonbowen@lopez.com,East Stephanie,16679092,72.6
630,2021-07-29,Karen Wade,F,mfischer@sims.com,Colemanfort,72365830,77.33
631,2021-02-19,Christian Berg,F,martinian@gmail.com,West Kevinborough,41206645,19.96
632,2021-02-28,Lindsay Wheeler,M,hessbenjamin@thompson.com,Brandonmouth,10227190,92.92
633,2021-02-01,Daniel Rogers,F,abishop@holland.org,Mckenzieborough,52604959,82.27
634,2021-04-15,Brittany Wilkins,M,mathisanna@hotmail.com,Matthewfurt,53831019,11.77
635,2021-08-08,Matthew Cantu,F,kathleensimon@gmail.com,East Victor,84001634,62.26
636,2021-05-02,Larry Cox,F,qward@barnett.com,Robinsonfort,52448829,92.29
637,2021-04-29,Dr. Todd Campbell DDS,M,sarah22@gmail.com,West Ricardoland,65890103,44.2
638,2021-01-29,Paul Watkins,F,delacruzdrew@freeman-meyer.info,Samuelville,67208128,24.8
639,2021-02-03,Jason Jones,F,zgould@ryan.com,South Sharonbury,29925681,41.36
640,2021-07-15,Patricia Myers,M,austin63@hotmail.com,West Jamie,86820134,93.87
641,2021-05-16,Daniel Hudson,M,isaiah28@wright-harvey.com,Danielland,75550622,14.33
642,2021-05-26,Frances Lopez,F,jason13@yahoo.com,Moorechester,52793974,74.34
643,2021-05-15,Chelsea Strickland,M,cheath@yahoo.com,Cookmouth,72007730,33.29
644,2021-02-09,Stephanie Barnett,M,stephanie93@dennis.com,East Jaredview,39314239,46.85
645,2021-04-03,Jack Palmer,M,henryfrench@yahoo.com,Murrayview,61135222,63.37
646,2021-06-23,Jason Obrien,M,fieldssteven@mitchell-larson.com,Juarezhaven,03211144,65.98
647,2021-04-06,Maria Miller,M,carlosaguilar@gmail.com,Richardsonburgh,57067902,50.56
648,2021-02-03,Kelly Smith,M,lopeztyler@gmail.com,North Christophershire,47826618,24.98
649,2021-05-23,Kimberly Garcia,F,rachel01@hotmail.com,Anthonyfort,20055530,64.48
650,2021-01-22,Christopher Mendoza,M,emily93@hotmail.com,West Katherine,15494900,17.76
651,2021-04-21,Todd Pearson,F,johnsonlisa@ferrell.com,Stevenland,51331986,81.19
652,2021-02-02,Jacqueline Smith,F,jamie86@hotmail.com,West Williammouth,32639094,64.18
653,2021-03-01,Jessica Johnson,M,lmichael@gmail.com,Manningchester,27302224,33.65
654,2021-01-23,Daniel Campos,F,mooretrevor@contreras.com,South Jeffreyfurt,46571151,72.84
655,2021-07-27,Seth Oneill,M,zmaxwell@hotmail.com,Vanessahaven,01712100,42.32
656,2021-05-08,Bradley Robinson,M,jwilliams@gmail.com,Marcusview,79328685,10.5
657,2021-02-27,David Campbell,M,cody14@lee.com,West Luis,49150063,15.8
658,2021-06-28,Kimberly Harvey,M,awilson@lawrence.net,East Karenland,52018008,66.97
659,2021-05-24,Luis Petersen,M,ewalker@mcdowell.com,North Teresa,64991542,52.31
660,2021-04-10,Jason Williams,M,hharris@gmail.com,South Patrick,88868301,94.1
661,2021-05-22,Tina Schultz,F,oliviahill@hotmail.com,Theresaland,91342577,59.89
662,2021-05-30,Patricia Charles,M,iwoods@yahoo.com,South Stevenhaven,46142573,54.18
663,2021-04-13,Colleen Moyer,F,megan98@molina.com,Lake Carmen,05511242,90.41
664,2021-04-07,Jessica Reynolds,M,marthadavis@gmail.com,Smithburgh,23653955,10.31
665,2021-07-24,Judith Oneill,M,christygreen@ibarra.info,Shaneport,08066534,96.24
666,2021-06-11,Jacob Trujillo,F,walexander@ortiz-wilkinson.info,Robinmouth,21991240,49.72
667,2021-07-04,Dale Garrison,F,iswanson@gmail.com,Martinland,45969119,60.59
668,2021-02-12,Adam Brock,F,xgibson@turner.net,Daniellebury,01527704,63.91
669,2021-05-24,Ryan Perry,F,duanefritz@alvarez-pratt.com,West Eric,77395566,14.21
670,2021-03-24,Mr. Timothy Gonzales Jr.,M,ccastaneda@yahoo.com,New Cheyennestad,52331305,91.41
671,2021-04-30,Joanne Allen,M,michaelpatterson@rios.com,East Randyfurt,88152950,36.54
672,2021-07-05,Kristy Roberts,F,william44@gross-ramirez.com,Isaiahview,37474478,95.62
673,2021-01-15,Dakota Parker,F,luiswilliams@davis.com,West Holly,59020028,87.55
674,2021-06-04,Leslie Lee,M,cobbmatthew@hotmail.com,Harriston,31909013,31.54
675,2021-04-13,Andrew Ortiz,F,shawmegan@hill.com,South Erik,80025603,38.34
676,2021-03-29,Richard Green,F,shale@perry.biz,Port Jason,99518363,3.95
677,2021-05-19,Clifford Hill,F,tylerrogers@murray.net,Kathleenmouth,80307860,73.27
678,2021-05-12,Ashlee Johnson,M,zvaughan@yahoo.com,West Jeffreyside,44094829,27.4
679,2021-01-01,Debra Wilkinson,F,jacksondavid@gmail.com,Lake James,88850344,55.85
680,2021-07-19,Patrick Morales,F,campbellphillip@hotmail.com,Port Brianmouth,87070248,55.7
681,2021-05-05,Robert Barber,F,uhaney@castillo.info,Estesberg,21539480,56.8
682,2021-04-12,Mark Weaver,F,benjaminanthony@patterson.com,Johntown,36960002,79.7
683,2021-06-12,Alan Perry,F,browningandrew@yahoo.com,Lake Gregory,89742419,33.23
684,2021-07-26,Cameron Cook,F,mreynolds@delgado.com,Adamview,85897496,44.29
685,2021-04-11,Ann Knight MD,M,joelellis@gmail.com,Allisonland,31288835,50.38
686,2021-01-14,Nicholas Hart,M,starkaaron@nelson.net,Davisfurt,50575343,22.0
687,2021-03-31,Wesley Frazier,F,jpeters@silva-miller.com,New Donnaborough,32188554,27.42
688,2021-06-15,Daniel Castro,F,fuenteschristine@pennington-barker.biz,Harrisberg,13914462,64.46
689,2021-04-10,Elizabeth Reilly,M,jamessmith@gmail.com,Higginsland,45366550,66.97
690,2021-04-25,Jacob Davidson,F,bautistamisty@hotmail.com,Roseshire,89548622,47.8
691,2021-02-15,Melissa Armstrong,F,jscott@harris-perry.com,Johnmouth,44906306,91.67
692,2021-04-30,Marie Turner,M,tpitts@ferguson.com,Douglasland,98559787,58.59
693,2021-08-02,William Edwards,M,nichole55@richardson.info,West Jack,72657300,24.83
694,2021-06-10,William Cross,M,xfloyd@allen-sharp.com,New Timothytown,32422627,11.28
695,2021-06-06,Janice Rodriguez,F,alanpierce@williams.org,West David,25989229,69.64
696,2021-03-23,Gina Anderson,M,amberdominguez@carter.com,West Ruthport,47920705,9.1
697,2021-03-16,Maria Rodriguez,M,sanchezstacy@yahoo.com,Grahamberg,81962921,56.34
698,2021-01-31,Melinda Underwood,M,asanders@austin-copeland.info,Josephland,93366939,63.85
699,2021-05-23,Danielle Miller,M,pcarter@hotmail.com,Hallshire,51877965,65.37
700,2021-07-24,Brian Smith,M,hreynolds@hotmail.com,Port Mary,09566187,17.97
701,2021-07-21,Roy Ruiz,M,nicholas02@graves-mcmillan.com,West Shannon,89735367,22.12
702,2021-02-08,Shawn Chambers,F,pittmanchristina@hotmail.com,East Brittany,23282315,41.76
703,2021-02-12,Beth Edwards,F,wesleygoodwin@hotmail.com,Port Thomasborough,65266151,38.35
704,2021-03-07,Karen Clark,M,wbridges@yahoo.com,South Sarah,85913271,46.34
705,2021-05-11,Jody Thomas,M,jesse94@todd-morgan.net,Julieland,04080473,59.15
706,2021-04-10,Kimberly Richard,M,richard34@bryan.com,Port Ryan,50580675,40.32
707,2021-02-23,Kathryn Hernandez,F,katrinachung@gomez.com,South Sophia,04653202,95.64
708,2021-08-01,Mary Dodson,M,joshuaschneider@gmail.com,Katieview,86380294,71.95
709,2021-07-23,Susan Riley,F,ymorris@moyer-williams.com,Delgadoville,80472346,93.83
710,2021-07-08,Manuel Beltran,F,shane42@schneider.biz,Jesseborough,90725852,51.87
711,2021-01-06,Mitchell Copeland,M,hartjonathon@yahoo.com,Tylermouth,33784427,93.5
712,2021-06-11,Kenneth Poole,M,elizabeth84@wolf.com,East Roberthaven,25403381,95.4
713,2021-05-16,Jeff Jackson,M,anna94@anderson-calderon.net,Kellyborough,22860774,41.69
714,2021-03-12,Jason Reyes,M,cooperbradley@smith.info,Hughesberg,78293052,6.4
715,2021-05-28,Robert Grant,M,nbarnett@sharp-edwards.org,Catherinemouth,86873031,98.23
716,2021-07-22,Christina Santos,F,jerry72@gmail.com,New Dawntown,93062855,38.37
717,2021-03-07,Andrew Holland,M,ybrown@gmail.com,North Amytown,79294485,83.9
718,2021-04-14,Natalie Rhodes,M,blakeamber@hotmail.com,Richardsonstad,09360839,87.75
719,2021-01-10,Michael Robinson,M,kenneth19@green.com,Ellisonstad,46021212,84.64
720,2021-02-11,Danny Ashley,F,ibenson@hotmail.com,New Josemouth,93718028,25.78
721,2021-03-29,Edward Olson,M,pattymiller@mueller.com,Ericborough,07570049,74.5
722,2021-05-08,Mark Smith,M,melvin63@hotmail.com,Thompsonside,05909261,27.7
723,2021-07-09,Robert Rodriguez,M,raymondwhite@jackson.biz,Wallaceborough,05355860,20.12
724,2021-05-02,Laura Gutierrez,M,ecampos@hotmail.com,Lake Dawnmouth,41485293,72.98
725,2021-03-31,Aimee Kelley,F,jacob41@hotmail.com,Danafort,55546188,80.14
726,2021-02-15,Mrs. Heather Harding,F,fitzpatrickchad@scott.biz,Clarkstad,84746344,21.76
727,2021-06-29,Trevor Leon,M,sydneylambert@yahoo.com,Donnafurt,14516139,84.14
728,2021-07-12,Rebecca Webb,M,josephreynolds@yahoo.com,Brownside,62852067,23.34
729,2021-07-14,Frank Krause,F,kimberlymeyer@white.net,Port Kirstenborough,52866241,71.64
730,2021-02-15,Martha Beltran,M,matthew24@crawford-stephens.com,Deborahmouth,76995941,14.72
731,2021-02-26,Andrea Alvarez,F,richard01@gmail.com,East Kathryn,21803291,11.51
732,2021-06-30,Michael Wyatt,M,nicolecarter@hotmail.com,Christopherside,52811678,43.8
733,2021-08-02,Stephanie Morris,M,jeffrey44@hotmail.com,West Anthony,27302088,4.71
734,2021-05-18,Christopher Holmes,F,roy99@gmail.com,Susanmouth,90754173,9.67
735,2021-01-13,Walter Anderson,M,champton@gmail.com,South Markhaven,35841012,99.2
736,2021-03-28,Jennifer Mitchell,M,vjohnson@burns-rojas.com,Petersport,72133569,29.91
737,2021-07-16,Karen Duke,F,rellis@gmail.com,East Williamhaven,77480071,84.1
738,2021-07-11,Christopher Martinez,F,nicolewilson@yahoo.com,South Teresa,35154563,1.12
739,2021-06-18,Heather Solomon,M,juan96@williams.com,North Shannon,10466568,3.58
740,2021-02-27,Christopher Smith,M,rcasey@moore.com,Tylerland,41667064,88.83
741,2021-03-16,Anthony Morrow,F,william33@cole.com,New Dakotashire,43398232,16.12
742,2021-01-27,Timothy James,F,sara79@gmail.com,Maryton,81677405,75.31
743,2021-02-08,Jennifer Escobar,F,desiree89@kelley.com,Lake Emma,98483471,40.13
744,2021-02-12,Lee Silva,F,ccollins@boyd-greer.com,Nathanielton,28977032,30.59
745,2021-03-10,Matthew Mann,F,potterwalter@gmail.com,Sampsonville,05155415,9.63
746,2021-06-12,Peggy Robinson,F,tuckerphyllis@hotmail.com,Russellshire,91816023,20.29
747,2021-02-16,Alexandra Ramirez,F,uhunt@gmail.com,West Loganfurt,25903287,75.69
748,2021-01-23,Gregory Peterson,F,jessica15@hotmail.com,West Christopherville,15057280,83.3
749,2021-01-14,Nicholas Fowler,F,lawrencekatie@wood.com,East Andrewmouth,13427283,42.63
750,2021-02-15,Yolanda Franco,M,vmartinez@hotmail.com,Flemingfort,59304296,95.98
751,2021-01-25,Margaret Wilson,M,lewisjoseph@wood-ortega.biz,Alvarezmouth,56762389,31.37
752,2021-01-28,Joe Hall,M,sandersjeffrey@yahoo.com,Keithchester,58310281,16.95
753,2021-06-27,Taylor Green,F,chelseaturner@hotmail.com,Ruizmouth,01070965,73.21
754,2021-03-16,Michael Brown,M,louis87@gilmore.org,North Selena,90179518,63.55
755,2021-05-05,Scott Haas,F,ukelly@hotmail.com,Allenmouth,97804642,47.5
756,2021-06-13,Dawn Richardson,M,marthadavis@jackson.org,Riosberg,51718169,70.97
757,2021-03-20,Heather Robertson,M,burtonstephanie@gmail.com,New Rebecca,23246072,72.86
758,2021-01-02,Ashley Rodriguez,F,michael35@ramos.com,East Williamborough,54935204,3.45
759,2021-04-22,Kelly Hunt,F,claire20@gmail.com,Annashire,75322878,22.37
760,2021-04-25,Janet Zhang,F,turnermelissa@yahoo.com,East Kevintown,86026079,74.55
761,2021-08-09,Garrett Pope,M,jrodriguez@mckenzie.net,Rossmouth,00188753,21.86
762,2021-03-17,Nancy Peterson,F,paula08@hotmail.com,North Nicholas,44740276,2.47
763,2021-01-08,Jeffrey Patel,M,braunkathryn@chan-barber.org,Briannaborough,16199057,64.65
764,2021-02-12,Brian Porter,F,raymondjones@parker-gardner.com,East Taylor,18557640,82.14
765,2021-04-02,Marcus Clay,F,lauralopez@gmail.com,Villegasburgh,13270704,85.44
766,2021-06-28,Larry Richardson,F,julia36@gmail.com,Monicaburgh,72468388,39.27
767,2021-04-28,Cameron Wong,F,sanderson@yahoo.com,Lisahaven,45539343,43.9
768,2021-01-13,Theodore Juarez,M,brucehaas@hotmail.com,Andrewshaven,04092360,55.52
769,2021-02-16,Kelly Sanchez,M,dtaylor@gmail.com,Warrenmouth,11459071,97.68
770,2021-02-26,Jessica Jenkins,M,jacqueline04@morales.com,Laurahaven,16821279,33.81
771,2021-04-08,Anthony Turner,M,gwilliams@yahoo.com,Alexisfurt,04165026,44.62
772,2021-05-23,Teresa Faulkner,M,douglas16@phillips.com,Sarahville,09653818,51.86
773,2021-06-16,Ashley Smith,F,thomaslamb@ross.com,Whitakermouth,50510221,68.67
774,2021-07-13,Sheri Beltran,F,qabbott@james.com,Lake Steventon,48353496,17.78
775,2021-05-03,Crystal Oliver,M,paynechelsea@martinez-bates.com,Michellebury,69381997,61.7
776,2021-03-17,Robert Hanson,M,farrellerika@yahoo.com,New Justinburgh,22279156,56.19
777,2021-01-28,Jaime Mccormick,M,wbaldwin@gibson.biz,Port Edward,19640150,66.79
778,2021-01-25,Theodore Ward,M,amyromero@murphy-gonzales.org,Roberthaven,75700201,34.85
779,2021-02-25,Todd Manning,M,denise83@king-robinson.com,Michaelville,09453005,77.24
780,2021-01-09,Carmen Gutierrez,F,paulwu@gilmore.org,Troymouth,08429094,79.68
781,2021-01-05,Cassandra Smith,M,campbellmonica@yahoo.com,East Randyberg,02776750,22.36
782,2021-04-08,Kristina Hickman,F,phillipsjasmine@smith.com,Candiceburgh,03664049,96.75
783,2021-01-14,Laurie Vasquez,M,patriciabrandt@yahoo.com,Port Douglasberg,47360273,31.65
784,2021-06-14,Sheryl Barnes,F,gfreeman@munoz.biz,Hunterview,87198225,65.77
785,2021-01-21,Alex Flynn MD,M,sspencer@gmail.com,North Michael,01791693,42.81
786,2021-04-27,Anna Young,F,floresjacob@terry-kelley.com,Flynnton,13633004,57.4
787,2021-03-17,Patrick Mcdaniel,M,shellyjones@adams-smith.biz,Lindseytown,71866673,42.1
788,2021-07-21,John Robles,M,xfranklin@hotmail.com,East Nicholas,28189497,43.4
789,2021-02-05,Kevin Cox,M,quinnjohn@yahoo.com,Timothyhaven,07528828,18.9
790,2021-07-28,Kathleen Price,M,whitedarrell@gmail.com,Curtischester,57331843,43.86
791,2021-04-13,Robert Chavez,F,danielle04@yahoo.com,South Erin,78496934,34.71
792,2021-05-17,Natalie Thompson,M,dyerisabella@martin.org,North Patrick,63243956,31.51
793,2021-01-18,Steven Kirby,M,perezjesse@howard.info,East Kaylachester,24314008,23.37
794,2021-02-13,Kelsey Jackson,M,debbie46@carlson.com,Lake Mirandaville,88507262,49.31
795,2021-05-13,Sabrina Cervantes,F,kathleen48@gmail.com,South Curtis,87373950,1.25
796,2021-06-13,James Saunders,M,wrightkelly@green.com,Carterburgh,31756884,75.19
797,2021-06-27,John Garcia,F,penadouglas@ramos.net,Mcgeefurt,74338535,25.13
798,2021-07-10,Shannon Goodman,F,jnicholson@yahoo.com,East Michaelshire,84055873,72.95
799,2021-07-07,Christina Mcdonald,M,matthewdavis@yates.com,Wilsonport,36936922,7.84
800,2021-03-26,Kathryn Caldwell,M,fernando69@hotmail.com,Robertberg,11555971,9.91
801,2021-07-16,Christopher Adams,M,adamsbradley@hotmail.com,West Brendaside,47983342,78.1
802,2021-07-03,Sharon Ruiz,F,michaelrice@yahoo.com,Jenniferstad,04658320,64.99
803,2021-04-05,David Graves,F,carrieedwards@gmail.com,Turnerland,62440417,51.48
804,2021-01-25,Katie Hoffman,F,christineromero@nguyen.biz,Port Kelsey,51218027,79.76
805,2021-07-28,William Jones,M,flemingashley@norman-fuller.com,Cliffordborough,22622877,22.3
806,2021-07-25,Thomas Gates,F,blackeric@curtis.info,Stephanieburgh,67087853,69.63
807,2021-03-28,Amber Saunders,F,greerlori@gordon.org,Lake Carolmouth,91499219,53.53
808,2021-06-10,Nicole Cooley,F,hthompson@anderson-roth.info,North Kristenland,06451523,47.82
809,2021-06-10,Charles Simmons,F,kjones@sanders-cook.com,West Brian,70257137,82.54
810,2021-05-27,Patrick Conway,M,heather32@cochran-williams.com,Lake Frederickstad,84036353,39.89
811,2021-06-10,Marcus Harvey,M,jbutler@gmail.com,Lake Erinville,88929101,85.68
812,2021-01-17,Stephanie Allen,M,vhernandez@miller.com,East Kellyfurt,48513661,79.29
813,2021-01-16,James Young,M,tracycrawford@white.net,Port Carolynmouth,91175199,17.78
814,2021-06-06,Eric Hernandez,M,gwashington@hotmail.com,Lake David,15635471,10.7
815,2021-01-06,Miguel Ortiz,M,ballalyssa@hotmail.com,Higginsview,19696676,41.98
816,2021-04-18,Christopher Davidson,M,keithbryant@gmail.com,Hernandezmouth,59703136,39.26
817,2021-03-14,Philip Williams,M,lindsaycarlson@wells.com,Lake Michelleside,49200850,90.48
818,2021-05-07,Jade Reyes,M,riggsjody@yahoo.com,Lake Alexandra,34121504,92.96
819,2021-06-03,Andrew Buchanan,F,thompsonsonia@elliott.com,Andreaville,90828225,63.2
820,2021-05-07,Elizabeth Mcgee,F,brendanjackson@yahoo.com,West Meganbury,15973412,60.95
821,2021-02-24,Samuel Leblanc,F,pamelajohnson@hotmail.com,Lake Zachary,97772897,31.63
822,2021-05-15,Cheryl Gordon,M,kempmelanie@hotmail.com,Port Cynthiafort,96168837,62.62
823,2021-07-06,Robin Russell,M,nmendez@johnson.com,South Markborough,88996592,71.98
824,2021-03-25,Jennifer Lane,F,whawkins@yahoo.com,South Robinchester,20412050,71.9
825,2021-06-12,Sean Kim,M,browngina@moore-medina.com,Lake Melissa,51264956,30.47
826,2021-04-06,Mr. Daniel Garcia,M,bryantthomas@wade.com,Jameshaven,26102214,50.87
827,2021-03-05,Denise Williams,M,leestephen@morrison.com,East Danielstad,97621034,98.75
828,2021-02-07,Jamie Harvey,M,pamela06@wolfe-cook.biz,Garzaview,87123197,26.67
829,2021-04-01,Danielle Olson,M,stephencarlson@anderson.biz,West Kristenmouth,85752337,42.4
830,2021-06-16,Samuel Williams,F,john64@santiago-berger.net,Mariaborough,26151489,84.76
831,2021-03-05,Michael Mcdaniel,F,graychristy@strickland-johnson.com,Deborahside,77434562,88.87
832,2021-05-16,Sarah Roberts,M,meadowsjessica@yahoo.com,New Kimberlyborough,62482707,87.97
833,2021-03-28,Robert Hunt,F,donnadyer@clark.com,Heatherland,18959567,25.52
834,2021-08-09,Matthew Williams,M,smcmillan@gmail.com,North Chad,60656100,78.5
835,2021-06-23,Brendan Rodriguez,M,ashleyrobinson@yahoo.com,Elizabethfort,09981225,4.34
836,2021-01-10,Lindsay Bird,F,gcook@russell.org,Calebton,51970512,57.1
837,2021-04-10,Kristi Thompson,F,steven89@hotmail.com,Valerieland,47429604,70.96
838,2021-06-14,Fernando Sanders Jr.,M,ealvarado@gmail.com,Grayfort,89006344,33.36
839,2021-02-05,Laura Morgan,F,dunlapjonathan@davenport-kim.com,Sullivanport,43890071,27.5
840,2021-07-17,Margaret Wright,F,david71@taylor.net,West Jenniferborough,59815150,37.79
841,2021-06-09,Catherine Mitchell,M,joshuacameron@gmail.com,Hoffmanmouth,97495093,52.25
842,2021-04-29,Maria Rios,F,warrendeborah@willis-hall.org,Joshuaberg,54691988,31.95
843,2021-03-26,Mary Williams,F,stephaniesmith@powell-berry.org,Wongfurt,01735956,35.15
844,2021-04-26,Daniel Higgins,F,vpruitt@yahoo.com,Port Malikburgh,69956218,44.49
845,2021-07-09,Ruth Ayala,M,dianacardenas@orozco.biz,Mcdowellfort,23235878,67.2
846,2021-03-07,Troy Best,M,jessicahuff@ortiz.com,Antonioberg,25492613,61.65
847,2021-04-19,Amanda Fowler,M,nvalenzuela@gmail.com,Johnsonbury,47854468,61.34
848,2021-05-25,Thomas Andrews,F,fharrison@clark-gomez.com,East Christian,45843174,48.29
849,2021-01-05,Larry Mckenzie,F,richard73@yahoo.com,West Ryanview,78452978,32.39
850,2021-07-28,Gabriel Daniel,F,ctanner@bridges.biz,Marcusville,80569220,56.67
851,2021-04-04,Miranda Johnson,F,owenpamela@gmail.com,Port Sharon,49748598,89.7
852,2021-04-18,Christopher Schmidt,F,harrisedward@frey-carter.com,Lake Jennabury,85303805,11.8
853,2021-07-28,Jennifer Ward,F,emilywagner@anthony.com,New Susanfurt,48159067,66.38
854,2021-07-08,Christopher Nguyen,M,twarner@yahoo.com,Rileychester,72431252,73.86
855,2021-06-15,Christopher Campbell,M,combsmichelle@bradley.com,Stoneside,96827949,30.32
856,2021-04-21,Martha Jones,M,zhangandrew@roberts-oneill.com,Mikechester,40626772,98.48
857,2021-02-13,Jason Miller,F,shoover@gmail.com,East Miguelstad,32398588,26.56
858,2021-04-24,Zachary Torres,F,fisherdaniel@gmail.com,Port Jennifertown,19254289,76.84
859,2021-02-15,Jason Bryan,M,pottsdonald@hotmail.com,South Matthew,88627007,34.91
860,2021-06-10,Travis Townsend,M,owenskrystal@hotmail.com,Liumouth,48521444,51.52
861,2021-04-28,Colleen Hansen,M,chadjohnson@yahoo.com,Castillochester,11747314,45.44
862,2021-06-17,Shawn Clark,M,alexandra58@hotmail.com,Dennisville,71959931,19.54
863,2021-05-10,Robert Huynh,F,mark58@gibbs-butler.net,Clarkville,85920644,15.84
864,2021-06-11,Kimberly Nunez,F,fhaynes@gilbert-alvarez.com,Perezborough,00757058,56.57
865,2021-07-20,Cheryl Curry,M,ubell@yahoo.com,West Garyside,61718975,6.11
866,2021-06-06,Thomas Nguyen,F,zmoore@gmail.com,Raymondfort,95176604,50.38
867,2021-02-12,Clayton Mora,F,carriecrane@gmail.com,Mosleyborough,58029701,86.89
868,2021-05-03,Maria Woodard,M,tammy73@yahoo.com,Wallaceport,20709501,88.54
869,2021-02-28,Marcus Ellis,F,savila@young-wheeler.com,West Jaredfort,27368695,47.23
870,2021-01-24,Stacy Carlson,F,kaneandrea@yahoo.com,Thomasfurt,75680701,46.84
871,2021-07-04,Kelly Cooper,F,timothycarrillo@gmail.com,Hollandstad,32474176,33.54
872,2021-07-28,David Mitchell,F,bonillaadam@bennett.com,Port Phillip,81631414,37.23
873,2021-02-02,Miguel Rose,F,tpena@gmail.com,Rothview,91567918,72.58
874,2021-07-08,David Walker,M,barry53@yahoo.com,Collinschester,69039058,81.97
875,2021-01-20,Brandon Coffey,F,garciajoshua@yahoo.com,West Melissa,59247234,79.16
876,2021-05-26,Sarah Willis,M,hornelawrence@yahoo.com,Molinaland,91712912,6.36
877,2021-05-08,Jamie Higgins,F,ethan57@green.org,Hansenborough,48270380,11.53
878,2021-01-19,Aaron Williams,M,kimmichelle@yahoo.com,New Meredith,63236774,76.47
879,2021-05-29,Bridget Freeman,F,nelsonpaul@gmail.com,Port Nathan,89579268,4.96
880,2021-02-11,Melissa Stephenson,F,davidstafford@hotmail.com,Martinezton,63874969,71.77
881,2021-04-21,Latoya Adkins,M,alexandergeorge@gmail.com,Johnsonberg,47297074,30.9
882,2021-07-13,Samantha Hoover,M,murphysara@day.com,North Davidport,22192905,64.36
883,2021-06-16,Carol Smith,M,igonzalez@diaz.net,New Nicoleton,64030265,43.25
884,2021-04-01,Kathy Cortez,M,ryanboyer@gmail.com,New Kristichester,47281356,12.72
885,2021-01-09,Miguel Alvarez,F,loganrodriguez@hernandez-greer.com,Kington,69153556,63.97
886,2021-04-15,Thomas Lindsey,M,jamesbradley@gmail.com,Annaburgh,45188879,83.65
887,2021-03-17,Kim Fletcher,F,eflores@yahoo.com,Port Carlaton,17168267,42.5
888,2021-01-14,Christopher Cruz,F,qlin@peterson.com,New Lisa,83598012,90.72
889,2021-02-05,Leslie Russell,M,patricia21@yahoo.com,Port Michael,87104868,52.47
890,2021-05-17,Brandon Dean,M,elizabethevans@yahoo.com,West Jenniferview,93444637,52.37
891,2021-07-12,Zachary Gonzalez,M,jeffrey26@smith.com,Emilytown,93507844,65.66
892,2021-02-28,Ellen Garcia MD,F,woodardsteve@hotmail.com,New Michaelport,70294378,80.44
893,2021-02-07,Henry Ramos,F,coltonsharp@yahoo.com,Juliehaven,01430943,9.37
894,2021-01-30,James Kennedy,M,berrylindsay@adams.com,West Kayla,93792233,64.24
895,2021-03-26,James Martinez,F,mayaustin@hotmail.com,Brownville,74826261,70.32
896,2021-07-24,Jermaine Jenkins,M,raylaura@yahoo.com,North Melody,73479338,80.72
897,2021-07-20,Elizabeth Edwards,F,reynoldsalison@hotmail.com,Lake Johnmouth,25961751,50.78
898,2021-06-05,Craig Walker,F,misty69@williams.com,Scottberg,66097754,34.55
899,2021-02-04,Sarah Cortez,F,xgarcia@middleton.com,New Jessicahaven,06531904,23.66
900,2021-04-03,Robert Gonzalez,M,bryan58@brown.biz,Lake Shari,29665655,31.2
901,2021-01-20,John Wright,M,brodriguez@hotmail.com,Griffinton,84527721,37.28
902,2021-06-17,Daniel Reynolds,M,georgejohnson@hotmail.com,Port Curtis,28187868,97.64
903,2021-07-12,Lisa Davis,F,amy23@yahoo.com,Amymouth,90705175,2.85
904,2021-08-01,Stacey Campbell,M,bkim@yahoo.com,Maciasfurt,16593893,21.54
905,2021-05-23,Amber Morrison,F,christopherwagner@yahoo.com,Randystad,07008269,83.43
906,2021-04-07,Brandi Howell,F,markslarry@huerta.biz,Johnburgh,97307341,9.74
907,2021-06-03,Meredith Hayes,F,randall64@mcknight-evans.com,New Matthew,08029539,49.98
908,2021-04-20,Nicholas Meyer,M,lori19@guzman.biz,Paulmouth,85255609,64.85
909,2021-04-08,Sheila Potts,M,krubio@gmail.com,South Jennifer,80532309,56.11
910,2021-02-28,Daniel Patterson,F,leslie43@farmer-fuller.com,Pattersonshire,79299053,3.1
911,2021-02-05,Kathryn Jacobs,F,bwilliamson@hotmail.com,Thomashaven,95922164,84.12
912,2021-02-27,Taylor Scott,F,mjohnson@yahoo.com,Port Pam,16148703,13.22
913,2021-05-12,Vicki Tate,M,tanyathompson@arnold.com,New Matthew,92044142,52.0
914,2021-05-07,Edwin Stevens,F,tracey43@wheeler.com,Murraybury,60685032,21.47
915,2021-07-01,Stephen Vance,F,davidpark@hotmail.com,Hallborough,76277214,67.93
916,2021-04-15,Lynn Jackson,F,cwood@henry.com,Edwardshaven,01860351,28.67
917,2021-01-15,Kevin Martinez,M,zcortez@woods-armstrong.biz,Lake Stephen,60165602,53.57
918,2021-01-15,Eric Wells,F,kaitlinjohnson@patterson.com,East Stephaniefurt,86314596,50.73
919,2021-05-09,Andrew Roberts,M,zacharywong@gmail.com,Lake Tracey,56219975,22.98
920,2021-08-08,Jennifer Price,M,patriciawilson@yahoo.com,South Melinda,26609195,71.68
921,2021-02-25,Alexis Morales,F,jefferycooper@jones.net,North Jacobberg,05677979,40.31
922,2021-01-07,Brandon Mclean,F,anneturner@yahoo.com,Richardchester,16753433,23.5
923,2021-07-19,Mathew Wright,F,clarklawrence@krause-daniels.com,Frankfurt,06721329,50.95
924,2021-08-02,Karen Tucker,M,leonardhayes@hotmail.com,North Patriciachester,45864919,56.1
925,2021-06-21,Gabriel Morris,F,cindyhutchinson@peterson.com,Smithchester,93085465,81.36
926,2021-05-24,Michael Watson,M,kevinwalker@allen-hernandez.com,New Matthew,37797997,43.2
927,2021-07-02,Jacob Pittman,M,krobbins@jimenez.com,Jillianborough,16227521,1.67
928,2021-06-01,Kimberly Dunn,M,kimberly31@sanchez.biz,Lopezfort,42428879,48.25
929,2021-01-28,Michelle Ballard,M,vmccarthy@willis-ramirez.net,Robertshaven,34090763,76.54
930,2021-07-18,Lauren Garcia,M,hernandezclaudia@hotmail.com,Watsonshire,09835634,80.12
931,2021-07-16,James Gonzalez,M,whitelisa@chambers-spence.org,West Richardville,31696319,41.17
932,2021-05-18,Vanessa Ramos,F,peter59@hernandez.com,Smithview,96492864,1.8
933,2021-01-02,Mary Green,F,nhall@yahoo.com,Jonesmouth,88958064,74.99
934,2021-03-06,Alexander Woodward,F,vazquezkevin@fowler.com,Donnatown,66418740,90.27
935,2021-01-18,John Carlson,F,mcastillo@hotmail.com,South Laurenfurt,06274924,14.17
936,2021-06-23,Mrs. Tina Ramsey,M,kpatterson@yahoo.com,East Michelle,88864259,74.62
937,2021-03-19,Stephen Bailey,F,caseyphilip@gmail.com,West Gina,30369405,37.4
938,2021-07-20,Lisa Peterson,F,hlawrence@yahoo.com,Brandonhaven,11542346,14.8
939,2021-07-21,Christopher Aguilar,F,sullivansara@hogan-allen.org,Port Laceyside,97715665,85.21
940,2021-02-12,Jennifer Rojas,F,shelly72@gmail.com,East Robertland,02096087,2.34
941,2021-01-23,Chad Parsons,F,anthonyrosario@williams.info,Gonzalezburgh,75201289,52.51
942,2021-03-12,Selena Key,M,banderson@yahoo.com,Port Rachel,82916046,11.15
943,2021-01-04,Lisa Harper,M,lisamcpherson@yahoo.com,Susanfort,86683654,31.62
944,2021-01-09,Cassandra Bailey,M,aellis@gmail.com,South Jessehaven,60853554,74.72
945,2021-06-02,Alicia Smith,F,debra80@obrien.com,North Lauraborough,69066498,43.32
946,2021-05-05,Stephen Mathews,F,keithflores@shea-mcdonald.info,New Joshua,17700894,17.53
947,2021-01-07,Sharon Wu,M,john51@hall.biz,Ninashire,80713487,86.74
948,2021-08-04,Diane Cummings,F,mford@marshall.com,West Francisco,85749283,13.79
949,2021-08-06,Tammy West,M,nicholas75@watts.com,Lake Melissa,37807382,2.3
950,2021-07-10,Dr. Michael Day,M,reednicole@bauer.com,Breannastad,50012329,63.17
951,2021-06-16,Adam Mendez,M,wardkimberly@hotmail.com,Brittanyshire,74849673,36.98
952,2021-04-08,Kayla Wyatt,M,lsmith@jones.net,Aguirreton,13917777,96.26
953,2021-03-27,Thomas Robinson,M,brownjennifer@gmail.com,Alantown,44497071,35.94
954,2021-04-09,Matthew Perry,M,bshort@stewart.net,New Louis,08479266,78.81
955,2021-04-11,Melissa Taylor,F,ufischer@hotmail.com,West Amychester,25389777,40.58
956,2021-04-20,Kaitlin Davis,F,jamesmacias@robinson-gomez.info,Paulmouth,13874551,97.75
957,2021-05-10,Lisa Manning,F,lhaynes@jackson-blake.com,Harringtonburgh,88002538,51.93
958,2021-07-27,Nancy Myers,F,steven89@hogan-johnson.com,West Jessica,24159289,45.18
959,2021-04-23,Robert Hernandez,F,hannahyoung@hotmail.com,Bellborough,26097121,70.19
960,2021-06-01,Francisco Fitzgerald,F,joneselizabeth@conway.com,Cameronhaven,47890220,63.99
961,2021-04-12,Jason Watts,M,rodriguezmichelle@cooper-white.com,Lake Katherinemouth,54878433,57.32
962,2021-02-24,Michelle Jones,M,christina91@gmail.com,New Karenfurt,38926105,87.64
963,2021-04-28,Jim Davis,F,carljones@robertson.com,East Gabriel,45988271,71.62
964,2021-02-12,Daniel Coleman,F,nathanielwade@holland-hall.com,South Christine,89425978,65.77
965,2021-01-22,Stephanie Roman,M,patricia14@gmail.com,Espinozabury,18822373,64.96
966,2021-06-10,Terri Richards,F,mvelazquez@snyder.com,Bryanfort,70563986,28.69
967,2021-01-18,Debra Wilson,F,lewislynn@hotmail.com,Douglasstad,43904112,66.71
968,2021-03-15,James Wright,M,andersonhelen@burns.com,North Nancy,31675178,11.4
969,2021-01-07,Michelle Carney,M,mark50@bates-harris.biz,West Matthewfort,88810140,48.72
970,2021-04-06,Laura Benson,M,prattjeanne@patel-bradley.biz,Jasminestad,05362370,37.48
971,2021-03-02,Timothy Sanchez,F,francesmorris@salazar-hudson.com,Jamesfort,51686949,49.39
972,2021-04-25,Kimberly Castillo,M,charles17@clark.biz,New Ruth,57277899,49.94
973,2021-01-20,Kimberly Martin,F,cynthiasanders@hart.com,Dylanside,84742490,58.86
974,2021-05-12,Christopher Guerrero,M,plee@anderson.com,Ryanside,50191062,83.38
975,2021-07-10,Jason Valenzuela,F,ryanmichelle@avery.info,Kathrynfurt,09293243,97.26
976,2021-02-06,Taylor Burns,M,nancyherrera@hotmail.com,Jamesburgh,99350864,45.34
977,2021-01-07,James Nelson,M,trobinson@yahoo.com,Rhondamouth,28680642,89.26
978,2021-04-23,Wyatt Hickman,M,teresa42@rojas-rasmussen.com,Lake Jeremy,48385732,88.7
979,2021-06-28,Duane Roy,M,tknight@gmail.com,Nancyborough,81526024,99.71
980,2021-05-03,Allison Russell,F,sandrasanchez@hotmail.com,Zamoraborough,55141680,28.24
981,2021-04-22,Thomas Lee,M,penathomas@gmail.com,West Chad,94172966,21.9
982,2021-02-26,Anthony Davenport,M,royjustin@hall.com,Marshallview,70328868,40.5
983,2021-02-16,Kevin Whitehead,F,watsonalexandria@mccarthy.info,New David,44272906,47.99
984,2021-05-17,Victor Salinas,F,holly30@robinson.com,Taylorview,53684820,17.27
985,2021-01-18,Brett Nichols,F,joseph13@whitney.info,South Yolandaville,71797779,39.62
986,2021-07-21,Michael Trevino,F,cpena@king.com,East Deniseville,37918682,19.57
987,2021-03-16,Nicholas Henson,F,kbernard@mason-fisher.com,Vargasberg,57982854,80.31
988,2021-03-05,Tammy Daniel,M,walterhopkins@wilson.com,Robinhaven,72446638,97.91
989,2021-06-05,Ronnie Bailey,F,johnpadilla@hotmail.com,Brittanyberg,06005993,59.67
990,2021-02-10,Maria Malone,F,jill89@hotmail.com,Port Joshuamouth,40572284,27.45
991,2021-01-13,Laura Anderson,M,grace09@gmail.com,Davisport,72908693,9.8
992,2021-05-10,James Johnson,F,cindy38@thomas-martinez.net,Melindafurt,24130110,16.9
993,2021-01-08,Sergio Craig,F,garciadebra@garrett.com,Tylerland,23980853,33.62
994,2021-03-31,Monique Lewis,M,gardnerheather@yahoo.com,North Joseph,75809478,47.47
995,2021-02-05,Nicholas Rodriguez,F,lisaedwards@hotmail.com,Amandamouth,53150325,94.72
996,2021-01-07,Robert Weaver,M,zbarrett@yahoo.com,Serranoport,63614534,73.28
997,2021-03-14,Michelle Salinas,M,grubio@valdez-norman.biz,Katherineview,61478961,82.1
998,2021-05-10,Rick Li,F,wmiller@hotmail.com,Howardhaven,83381850,34.37
999,2021-05-19,Tanya Rich,M,zimmermankathleen@wright-bowen.org,South Jeffrey,75298982,34.65
